ID_Wisata,Nama_Wisata,Kota,Kategori,Deskripsi_Wisata
W_73ace55b,Jl. Malioboro,Yogyakarta,Budaya/Sejarah,Destinasi wisata Jl. Malioboro berlokasi di Yogyakarta.
W_6f17a023,Keraton Ngayogyakarta Hadiningrat,Yogyakarta,Budaya/Sejarah,"Dibangun pada abad ke-18, istana megah ini masih digunakan oleh keluarga kerajaan Indonesia."
W_95a7288c,Kampung Wisata Taman Sari,Yogyakarta,Budaya/Sejarah,Bekas taman kerajaan dari abad ke-18 dengan kompleks pemandian bertingkat dan arsitektur yang indah.
W_05ed3f8c,Tugu Jogja,Yogyakarta,Budaya/Sejarah,"Tugu putih & emas bersejarah di penyeberangan tengah jalan, dibangun sejak 1889 & diterangi cahaya saat malam."
W_7f931485,Museum Benteng Vredeburg,Yogyakarta,Budaya/Sejarah,Museum yang dulunya benteng kolonial ini menampilkan sejarah perjuangan kemerdekaan Indonesia.
W_087243b3,Candi Prambanan,Yogyakarta,Budaya/Sejarah,Kompleks candi Hindu yang luas & dibangun pada abad ke-9 dengan struktur batu atas meruncing & patung.
W_5191900c,Keraton Ratu Boko,Yogyakarta,Budaya/Sejarah,"Situs arkeologis yang memadukan arsitektur khas Budha & Hindu, candi batu & gua."
W_7a86122e,Candi Sewu,Yogyakarta,Budaya/Sejarah,Kompleks candi Budha besar dengan beberapa bangunan yang telah ada sejak abad ke-8.
W_a7f5b607,Candi Sambisari,Yogyakarta,Budaya/Sejarah,"Setelah terkubur di bawah tanah, situs bersejarah ini menyajikan kuil Hindu abad ke-9 yang digali."
W_88d3109b,Candi Ijo,Yogyakarta,Budaya/Sejarah,"Kompleks candi abad ke-9 yang berundak di puncak bukit, plus panorama lahan pertanian di sekitarnya."
W_15a2882b,Candi Plaosan Lor,Yogyakarta,Budaya/Sejarah,"1 dari 2 candi Budha yang indah di area abad ke-9 dengan berbagai bangunan, stupa & tempat suci."
W_fd8a1cfa,Monumen Yogya Kembali,Yogyakarta,Budaya/Sejarah,Museum berbentuk kerucut yang menghadirkan diorama & pameran lain tentang Perjuangan Kemerdekaan Indonesia.
W_2b23c63e,Pantai Parangtritis,Yogyakarta,Alam,"Pantai yang ramai dengan penyewaan kursi/payung pantai, deburan ombak, dan kereta kuda."
W_78b802d1,Pantai Indrayanti,Yogyakarta,Alam,Destinasi wisata Pantai Indrayanti berlokasi di Yogyakarta.
W_4e4b4d0e,Pantai Timang,Yogyakarta,Alam,Pantai pasir putih dengan pulau yang terhubung ke daratan melalui jembatan tali dan kereta gantung.
W_e255b8c3,Pantai Jogan,Yogyakarta,Alam,Destinasi tepi laut dengan tempat observasi di samping air terjun yang mengalir ke pantai berbatu.
W_d3f8237c,Pantai Pok Tunggal,Yogyakarta,Alam,"Pantai pasir putih yang dikelilingi tebing & pepohonan, dengan pohon ikonis yang populer untuk tempat foto."
W_71859240,Pantai Nglambor,Yogyakarta,Alam,Pantai berpasir yang tenang dengan tempat penyewaan alat snorkeling & kursus snorkeling.
W_e2f26777,Pantai Drini,Yogyakarta,Alam,Pantai pasir putih yang dibagi menjadi 2 pantai oleh pulau karang ini memiliki restoran & pasar ikan.
W_569bfdf6,Pantai Glagah Indah,Yogyakarta,Alam,"Terkenal dengan ombak yang besar, pantai populer ini memiliki panorama sunset indah & penjual makanan lokal."
W_c60c9a2d,Hutan Pinus Mangunan,Yogyakarta,Budaya/Sejarah,Hutan yang dikelola pemerintah dengan pepohonan Pinus Sumatra menjulang tinggi ke langit.
W_36da6338,Puncak Pinus Becici,Yogyakarta,Budaya/Sejarah,"Area hutan dengan dekorasi tempat duduk untuk kesempatan berfoto dengan pemandangan gunung, lembah & kota."
W_a72d6d74,Kebun Buah Mangunan,Yogyakarta,Budaya/Sejarah,Kebun buah di puncak bukit yang menawan dengan beragam pohon buah di tengah pemandangan luas di wilayah ini.
W_dd36f062,Gunung Api Purba Nglanggeran,Yogyakarta,Alam,"Puncak vulkanis & area rekreasi yang terkenal dengan hiking, perkemahan & pemandangan indahnya."
W_c32e91e5,Bunker Kaliadem Merapi,Yogyakarta,Budaya/Sejarah,"Bungker beton terbengkalai dengan panorama gunung Merapi aktif, bisa dicapai melalui jalan tanah bergelombang."
W_3d78e627,Goa Pindul,Yogyakarta,Alam,Wisata populer tempat pengunjung mengambang ke dalam gua besar naik ban pelampung.
W_2f4daa6a,Goa Jomblang,Yogyakarta,Alam,Gua pembuangan vertikal berbatu yang bisa dieksplorasi menggunakan peralatan caving yang disediakan di lokasi.
W_ffcc9487,Lava Tour Merapi by Amtra Journey,Yogyakarta,Budaya/Sejarah,Destinasi wisata Lava Tour Merapi by Amtra Journey berlokasi di Yogyakarta.
W_923cd239,Taman Pelangi Jogja,Yogyakarta,Budaya/Sejarah,Kegiatan berfoto sangat digemari di tempat wisata ini dengan lampion yang menyala saat malam & wahana anak.
W_1a691e24,HeHa Sky View,Yogyakarta,Budaya/Sejarah,"Resto, kafe & kios kuliner kaki lima di atap yang terletak di lebih dari 3 lantai berpanorama kota & pedesaan."
W_9de49343,HeHa Ocean View,Yogyakarta,Budaya/Sejarah,Destinasi wisata HeHa Ocean View berlokasi di Yogyakarta.
W_4c9f7b80,Obelix Hills,Yogyakarta,Budaya/Sejarah,Destinasi wisata Obelix Hills berlokasi di Yogyakarta.
W_d17aa4a7,The Lost World Castle,Yogyakarta,Budaya/Sejarah,"Pusat pengunjung bergaya benteng batu abad pertengahan, dengan pameran geologi & pemandangan gunung Merapi."
W_534af67d,Tebing Breksi,Yogyakarta,Budaya/Sejarah,"Tebing batu kapur indah dengan pemandangan luas, ukiran rumit & teater terbuka."
W_ea54595d,Gembira Loka Zoo (Pintu masuk Timur),Yogyakarta,Budaya/Sejarah,"Dibuka pada 1956, kebun binatang 21 hektare dengan kolam sentuh, memberi makan hewan, naik gajah & unta."
W_e08a4062,Blue Lagoon Jogja,Yogyakarta,Budaya/Sejarah,Tempat berenang populer di kolam mata air alami yang dikelilingi pepohonan & bebatuan.
W_5197eb22,Puncak Sosok,Yogyakarta,Budaya/Sejarah,"Puncak bukit populer dengan panorama kota & matahari terbenam, serta kios makanan & sesekali musik live."
W_8aea0d05,Titik Nol Kilometer Yogyakarta,Yogyakarta,Budaya/Sejarah,Destinasi wisata Titik Nol Kilometer Yogyakarta berlokasi di Yogyakarta.
W_2f597ed3,Taman Pintar Yogyakarta,Yogyakarta,Budaya/Sejarah,Pusat pendidikan anak-anak populer yang menawarkan berbagai pameran interaktif dan game ilmu pengetahuan.
W_3d382ffb,Museum Sonobudoyo Unit I,Yogyakarta,Budaya/Sejarah,"Museum sejarah budaya Indonesia yang menampilkan topeng, senjata & artefak lain, & pertunjukan wayang golek."
W_0960c9bf,Pasar Tradisional Beringharjo,Yogyakarta,Budaya/Sejarah,"Pasar tradisional untuk pedagang pakaian, suvenir, dll yang buka sejak tahun 1758."
W_aeaae01e,Ullen Sentalu Museum,Yogyakarta,Budaya/Sejarah,"Artefak terkait seni & budaya Jawa, dengan tur berpemandu, restoran & taman yang rimbun."
W_ef8189f5,SKE City Park Yogyakarta,Yogyakarta,Budaya/Sejarah,"Taman hiburan dengan wahana untuk anak & dewasa, termasuk bianglala raksasa, zipline, & Segway."
W_a2af8ed2,Embung Nglanggeran,Yogyakarta,Budaya/Sejarah,"Danau indah di gunung berapi, yang digunakan untuk mengumpulkan air hujan untuk kebun buah di sekitar."
W_88853041,Hutan Pinus Pengger,Yogyakarta,Budaya/Sejarah,Objek wisata terbuka di kawasan hutan dengan tempat berfoto unik yang terbuat dari material alami.
W_e63d0a30,Pintoe Langit Dahromo,Yogyakarta,Budaya/Sejarah,"Anjungan observasi dengan pintu dan piano kayu, serta menawarkan kesempatan berfoto kreatif."
W_1d0b8a7c,Bukit Bintang,Yogyakarta,Alam,"Bukit yang terkenal dengan pemandangan indah, terutama saat langit malam dipenuhi bintang."
W_788d3419,Ekowisata Sungai Mudal,Yogyakarta,Budaya/Sejarah,Air terjun yang indah dan kolam alami menarik pengunjung ke taman dan kolam renang yang ramai ini.
W_bbffc6b9,Waduk Sermo,Yogyakarta,Budaya/Sejarah,"Berperahu di bendungan yang dikelilingi hutan yang populer untuk berkemah, bersepeda & memancing."
W_daf802c7,De Mata Museum Jogja,Yogyakarta,Budaya/Sejarah,Museum unik yang menampilkan gambar latar belakang seperti nyata untuk menciptakan ilusi optik interaktif.
W_b7889510,Alun-Alun Kidul Yogyakarta,Yogyakarta,Budaya/Sejarah,"Alun-alun yang terkenal dengan hiburan malam, rental gokar berlampu neon, kios camilan, bar, dan musik ceria."
W_4d36c3d9,Kids Fun Park (Pusat),Yogyakarta,Budaya/Sejarah,"Taman petualangan dengan seluncuran air & area percik, serta gokar, zip line & wahana anak-anak."
W_ff356cd9,Candi Kalasan,Yogyakarta,Budaya/Sejarah,Candi Budha abad ke-8 yang dipenuhi dekorasi ini dihiasi ukiran gambar dewa-dewi yang sangat detail.
W_7f2dd747,Candi Sari,Yogyakarta,Budaya/Sejarah,Reruntuhan candi Budha abad ke-8 yang awalnya dibangun dari kayu & batu.
W_2434ca56,Candi Barong,Yogyakarta,Budaya/Sejarah,"Candi Hindu abad ke-9 terletak di rangkaian terasering tepi bukit, yang populer dengan panorama sunset-nya."
W_b9824261,Candi Banyunibo,Yogyakarta,Budaya/Sejarah,"Candi Buddha abad ke-9 yang dipugar dengan dekorasi ukiran, yang dikelilingi sawah & hutan."
W_c311c291,Air Terjun Sri Gethuk,Yogyakarta,Alam,Air terjun alami yang indah di tengah hutan & tebing kapur ini merupakan tempat populer untuk berenang.
W_6cdd4d64,Pantai Sadranan,Yogyakarta,Alam,Destinasi wisata Pantai Sadranan berlokasi di Yogyakarta.
W_617d6ad1,Pantai Krakal,Yogyakarta,Alam,Destinasi wisata Pantai Krakal berlokasi di Yogyakarta.
W_1b18b716,Pantai Kukup,Yogyakarta,Alam,"Pantai dengan terumbu karang lepas pantai, kedai seafood & matahari terbenam dari paviliun di puncak tebing."
W_8c157c61,Pantai Baron,Yogyakarta,Alam,"Pantai di teluk, terkenal dengan kegiatan memancing & sup ikan terkenal, area berenang & jalur gunung indah."
W_2566cee9,Pantai Sepanjang,Yogyakarta,Alam,Destinasi wisata Pantai Sepanjang berlokasi di Yogyakarta.
W_85135e2d,Pantai Ngandong,Yogyakarta,Alam,"Pantai berpasir di teluk kecil populer untuk memancing, serta menghadap ke singkapan berbatu & kafe simpel."
W_536421c4,Pantai Wediombo,Yogyakarta,Alam,"Garis pantai berpasir panjang & lebar, bebatuan karang dengan air tenang & pemandangan perbukitan hijau."
W_14e02ad1,Pantai Siung,Yogyakarta,Alam,Pantai berpasir yang tertutup pepohonan & tebing yang populer dengan pemanjat tebing & perahu nelayan cadik.
W_86e3aaee,Pantai Ngobaran,Yogyakarta,Alam,"Pantai kecil untuk berenang, berjemur & tempat makan di sekitar di teluk yang dikelilingi tebing rimbun."
W_c1453317,Pantai Ngrenehan,Yogyakarta,Alam,Pantai berpasir di teluk yang dihiasi perahu nelayan lokal & dinaungi oleh tanjung batu kapur berwarna hijau.
W_6173c864,Pantai Gesing,Yogyakarta,Alam,Pantai pasir putih di tepi tebing curam dengan air hijau cerah untuk berenang & menyantap lobster & sembilang.
W_cf698803,Pantai Kuwaru,Yogyakarta,Alam,Destinasi wisata Pantai Kuwaru berlokasi di Yogyakarta.
W_39933fbe,Gumuk Pasir Parangkusumo,Yogyakarta,Budaya/Sejarah,"Area bukit pasir unik & indah, destinasi populer untuk fotografi & seluncur pasir."
W_3613095e,Hutan Pinus Asri,Yogyakarta,Budaya/Sejarah,Area mendaki di hutan yang terkenal dengan pohon pinus & tempat untuk berfoto dengan titik pengamatan gunung.
W_ab2082d6,Seribu Batu Songgo Langit,Yogyakarta,Budaya/Sejarah,"Jalan setapak & tempat observasi di bukit berhutan, plus rumah hobbit kayu terinspirasi ""Lord of the Rings""."
W_bee04781,Jurang Tembelan Kanigoro,Yogyakarta,Budaya/Sejarah,Panggung kayu yang menjorok keluar dengan pemandangan menawan dari atas jurang.
W_1a40311c,Bukit Pengilon,Yogyakarta,Alam,Destinasi wisata Bukit Pengilon berlokasi di Yogyakarta.
W_9f8aa56b,Bukit Paralayang Watugupit,Yogyakarta,Alam,Tempat observasi di puncak bukit yang menghadap Samudera Hindia & pantai & titik lepas landas paralayang.
W_eda7542b,Grojogan Watu Purbo,Yogyakarta,Budaya/Sejarah,"Kumpulan air terjun sejajar dari bendungan, populer untuk selfie & pemandangan matahari terbenam di pedesaan."
W_492207ad,Kedung Pedut,Yogyakarta,Alam,Pengunjung dapat mendaki ke air terjun kecil indah ini melalui batuan & berenang di kolam bagian bawah.
W_6b97e710,Air Terjun Kembang Soka,Yogyakarta,Budaya/Sejarah,Destinasi wisata Air Terjun Kembang Soka berlokasi di Yogyakarta.
W_4c280c36,Wisata Alam Kalibiru,Yogyakarta,Budaya/Sejarah,"Tujuan wisata alam yang menawarkan game & aktivitas outdoor, plus area untuk berfoto."
W_e08dd8b1,PINTU MASUK AYUNAN LANGIT,Yogyakarta,Budaya/Sejarah,Destinasi wisata PINTU MASUK AYUNAN LANGIT berlokasi di Yogyakarta.
W_595cc8fa,Goa Kiskendo,Yogyakarta,Alam,Destinasi wisata Goa Kiskendo berlokasi di Yogyakarta.
W_5c461c06,Goa Rancang Kencono,Yogyakarta,Alam,Destinasi wisata Goa Rancang Kencono berlokasi di Yogyakarta.
W_9af2732c,Affandi Museum,Yogyakarta,Budaya/Sejarah,Museum rumah yang menampilkan arsitektur unik & berbagai lukisan dari seniman Indonesia ini.
W_30f77f3c,Museum Pusat TNI AU Dirgantara Mandala,Yogyakarta,Budaya/Sejarah,"Pameran TNI AU Indonesia, termasuk jet tempur PDII & diorama yang menunjukkan peristiwa bersejarah."
W_dccf7412,Museum Gunungapi Merapi,Yogyakarta,Alam,Museum dengan pameran yang didedikasikan untuk Gunung Merapi & gunung berapi Indonesia & internasional lain.
W_4288b429,The World Landmarks - Merapi Park Yogyakarta,Yogyakarta,Budaya/Sejarah,"Taman & area piknik dengan versi mini dari bangunan seperti Big Ben & Menara Eiffel, plus taman rekreasi air."
W_9722720a,Agrowisata Bhumi Merapi,Yogyakarta,Budaya/Sejarah,"Taman pertanian tempat pengunjung bisa memerah susu kambing, memberi makan kelinci & selfie di Santorini mini."
W_d9d96e25,Stonehenge Yogyakarta,Yogyakarta,Budaya/Sejarah,Replika beton dari batu berdiri Inggris yang ikonis di lereng Gunung Merapi.
W_cfd68ef0,Plunyon Kalikuning,Yogyakarta,Budaya/Sejarah,"Taman tepi sungai populer yang memiliki jembatan, area pendakian, serta panorama bukit hijau & pegunungan."
W_529c8a15,Waterboom Jogja,Yogyakarta,Budaya/Sejarah,Destinasi wisata Waterboom Jogja berlokasi di Yogyakarta.
W_9d3c24e9,Mini Zoo Jogja Exotarium,Yogyakarta,Budaya/Sejarah,"Kebun binatang kecil dengan reptil, hewan ternak, dan ikan, serta pengalaman langsung dan taman bunga."
W_8dd03f35,Suraloka Interactive Zoo,Yogyakarta,Budaya/Sejarah,Destinasi wisata Suraloka Interactive Zoo berlokasi di Yogyakarta.
W_34a89093,Watu Goyang,Yogyakarta,Budaya/Sejarah,"Taman tinggi dengan pemandangan matahari terbenam dan pedesaan, serta perlengkapan unik untuk selfie."
W_42c4a1ea,Puncak Segoro,Yogyakarta,Budaya/Sejarah,Destinasi wisata Puncak Segoro berlokasi di Yogyakarta.
W_bf97902b,Teras Kaca Pantai Nguluran,Yogyakarta,Alam,"Tiket masuk ke teras berlantai kaca yang menawarkan pemandangan tebing tinggi & laut, serta foto."
W_28c5ceb5,Gamplong Studio Alam,Yogyakarta,Budaya/Sejarah,Objek wisata terbuka dengan bangunan bergaya klasik yang dibuat ulang untuk syuting film & tempat foto unik.
W_bb47d413,Wisata Tebing Gunung Gajah,Yogyakarta,Alam,Destinasi wisata Wisata Tebing Gunung Gajah berlokasi di Yogyakarta.
W_1dbe7377,Pantai Jungwok,Yogyakarta,Alam,"Pesisir berangin kencang ini populer untuk olahraga air & memancing lobster, plus naik perahu ke pulau karang."
W_ccb71769,Keraton Surakarta Hadiningrat,Solo,Budaya/Sejarah,"Istana yang megah dari tahun 1744 dengan tur & museum berisi patung, senjata & artefak lain."
W_af66506d,Pura Mangkunegaran,Solo,Budaya/Sejarah,"Rumah anggota kerajaan sejak tahun 1757, sebagian wilayahnya dapat dikunjungi dengan tur pameran bersejarah."
W_c838b1ae,Museum Radya Pustaka,Solo,Budaya/Sejarah,"Museum sejarah abad 19 yang nyaman dan berisi senjata, pakaian, manuskrip, patung & mata uang."
W_deb16ed3,House Of Danar Hadi,Solo,Budaya/Sejarah,"Museum batik internasional dengan kain klasik, demonstrasi langsung & tekstil untuk dijual."
W_1ec975bc,Benteng Vastenburg,Solo,Budaya/Sejarah,"Benteng peninggalan kolonial Belanda tahun 1700-an, yang sekarang sesekali digunakan untuk konser & festival."
W_40105b7b,Museum Keris Nusantara,Solo,Budaya/Sejarah,"Museum ini menampilkan warisan budaya Jawa dengan seni, artefak, & senjata khas daerah."
W_d21ae8d6,Monumen Pers Nasional,Solo,Budaya/Sejarah,"Museum pers nasional, dengan perpustakaan, pameran & lebih dari 1 juta surat kabar."
W_cfacd8db,Lokananta,Solo,Budaya/Sejarah,Destinasi wisata Lokananta berlokasi di Solo.
W_6f64a27c,Gedung Djoeang 45,Solo,Budaya/Sejarah,Destinasi wisata Gedung Djoeang 45 berlokasi di Solo.
W_a85293c8,Dalem Kalitan,Solo,Budaya/Sejarah,Destinasi wisata Dalem Kalitan berlokasi di Solo.
W_ccb955ba,Tumurun Private Museum,Solo,Budaya/Sejarah,Seni modern yang memukau milik keluarga pendiri perusahaan tekstil besar yang dipajang di rumah besar.
W_5da2deca,Kampung Batik Laweyan,Solo,Budaya/Sejarah,Destinasi wisata Kampung Batik Laweyan berlokasi di Solo.
W_32ed8967,Kampung Batik Kauman,Solo,Budaya/Sejarah,Destinasi wisata Kampung Batik Kauman berlokasi di Solo.
W_d82c9eb9,Gedung Wayang Orang Sriwedari,Solo,Budaya/Sejarah,Destinasi wisata Gedung Wayang Orang Sriwedari berlokasi di Solo.
W_1b4f997d,Taman Sriwedari Surakarta,Solo,Budaya/Sejarah,Taman hiburan sederhana yang menyediakan wahana anak-anak & pentas budaya seperti pertunjukan wayang.
W_71f3a86b,Masjid Raya Sheikh Zayed Solo Surakarta,Solo,Budaya/Sejarah,Destinasi wisata Masjid Raya Sheikh Zayed Solo Surakarta berlokasi di Solo.
W_cec1e788,Masjid Agung Kraton Surakarta,Solo,Budaya/Sejarah,"Masjid yang dibangun tahun 1700-an bergaya Jawa klasik, dengan balok & pilar kayu di musalanya."
W_621fc22c,Masjid Al Wustho Mangkunegaran,Solo,Budaya/Sejarah,Destinasi wisata Masjid Al Wustho Mangkunegaran berlokasi di Solo.
W_3cf53690,Vihara Dhamma Sundara,Solo,Budaya/Sejarah,Destinasi wisata Vihara Dhamma Sundara berlokasi di Solo.
W_d48db9a3,"Gereja Katolik Paroki Santo Antonius Padua, Purbayan",Solo,Budaya/Sejarah,"Destinasi wisata Gereja Katolik Paroki Santo Antonius Padua, Purbayan berlokasi di Solo."
W_5820d8a6,Solo Safari,Solo,Budaya/Sejarah,"Kebun binatang tradisional dengan burung, mamalia, naik gajah & unta, serta banyak program edukasi."
W_ef3f9e5f,Taman Balekambang Surakarta,Solo,Budaya/Sejarah,Destinasi wisata Taman Balekambang Surakarta berlokasi di Solo.
W_700b210c,Pracima Tuin,Solo,Budaya/Sejarah,Destinasi wisata Pracima Tuin berlokasi di Solo.
W_16cdc171,Bendung Karet Tirtonadi,Solo,Budaya/Sejarah,Destinasi wisata Bendung Karet Tirtonadi berlokasi di Solo.
W_e0698fbe,Taman Cerdas Kelurahan Jebres,Solo,Budaya/Sejarah,"Area rekreasi populer dengan patung dinosaurus, area bermain amfiteater & Wi-Fi publik."
W_a82a0c66,Alun-Alun Kidul Surakarta,Solo,Budaya/Sejarah,"Taman populer dengan berbagai kedai makanan, wahana karnaval & pemandangan kawanan kerbau yang dikeramatkan."
W_379af849,Alun-Alun Lor Surakarta,Solo,Budaya/Sejarah,Destinasi wisata Alun-Alun Lor Surakarta berlokasi di Solo.
W_5b6f0a38,Taman Jayawijaya Mojosongo,Solo,Budaya/Sejarah,"Taman kota dengan peralatan bermain & area duduk, plus kedai makanan & masjid terdekat."
W_39f1bce1,Taman Monumen 45 Banjarsari,Solo,Budaya/Sejarah,Destinasi wisata Taman Monumen 45 Banjarsari berlokasi di Solo.
W_48c43301,Taman Sunan Jogo Kali,Solo,Budaya/Sejarah,Destinasi wisata Taman Sunan Jogo Kali berlokasi di Solo.
W_22c6564b,Pasar Triwindu,Solo,Budaya/Sejarah,Destinasi wisata Pasar Triwindu berlokasi di Solo.
W_23060855,Pasar Gede Hardjonagoro,Solo,Budaya/Sejarah,"Pasar ramai yang terkenal dengan kuliner kaki lima, menawarkan kios yang menjual buah, sayur & ikan."
W_d32d914a,Pasar Klewer Surakarta,Solo,Budaya/Sejarah,Destinasi wisata Pasar Klewer Surakarta berlokasi di Solo.
W_45edcdaa,Pasar Malam Ngarsopuro,Solo,Budaya/Sejarah,"Pasar malam akhir pekan yang semarak, diramaikan dengan pedagang kerajinan tangan, makanan, & musik live."
W_3c8f6d0e,Stadion Manahan,Solo,Budaya/Sejarah,Destinasi wisata Stadion Manahan berlokasi di Solo.
W_248fa377,Koridor GatSu,Solo,Budaya/Sejarah,Destinasi wisata Koridor GatSu berlokasi di Solo.
W_032080aa,Monumen Tugu Lilin,Solo,Budaya/Sejarah,Destinasi wisata Monumen Tugu Lilin berlokasi di Solo.
W_85d50fbd,Plasa Manahan,Solo,Budaya/Sejarah,Destinasi wisata Plasa Manahan berlokasi di Solo.
W_dbae899c,Tugu Makuthå,Solo,Budaya/Sejarah,Destinasi wisata Tugu Makuthå berlokasi di Solo.
W_01657a37,De Tjolomadoe,Solo,Budaya/Sejarah,"Pusat kebudayaan & pameran di pabrik gula abad ke-19 seluas 6,5 hektare dengan kafe & museum."
W_5bbaa647,The Heritage Palace,Solo,Budaya/Sejarah,Istana indoor-outdoor besar dengan taman & beberapa museum seni plus area bermain & ruang konvensi.
W_82c59681,Pandawa Water World,Solo,Budaya/Sejarah,"Taman rekreasi untuk anak ini menyediakan kolam renang, seluncuran, tempat bermain, & ombak buatan."
W_98c02141,Air Terjun Grojogan Sewu,Solo,Budaya/Sejarah,Pendakian di area hijau mengarah ke air terjun indah ini yang mengalir di tengah lingkungan rindang.
W_5ee3fddb,Candi Cetho,Solo,Budaya/Sejarah,Candi suci Jawa-Hindu di lereng gunung yang dibangun pada abad ke-15 & menghadap perkebunan teh.
W_a9204eeb,Candi Sukuh,Solo,Budaya/Sejarah,"Kompleks candi 600 tahun yang dipersembahkan untuk kelahiran & kehidupan baru, yang terdiri dari piramida & patung."
W_34f8c7ec,THE LAWU PARK,Solo,Budaya/Sejarah,"Resor gunung dengan kelinci & domba, jalan setapak di atas pohon & zona salju, plus kabin simpel."
W_a866782b,Umbul Ponggok,Solo,Budaya/Sejarah,"Digemari pecinta snorkeling & penyelam amatir, kolam alami tenang ini terkenal dengan pasir, batu, & ikan."
W_c7a85cd2,Waduk Cengklik Park,Solo,Budaya/Sejarah,"Kompleks rekreasi di tepi waduk, termasuk monorel, kolam renang, dan bioskop virtual reality."
W_5c14f0bb,Kemuning Sky Hills,Solo,Budaya/Sejarah,Destinasi wisata Kemuning Sky Hills berlokasi di Solo.
W_90c5e3d6,AIR TERJUN JUMOG REAL,Solo,Alam,"Air terjun yang tinggi dan deras ini memiliki kolam rendam, tempat pengamatan indah & berbagai jalur."
W_e13b9e73,Telaga Madirda,Solo,Budaya/Sejarah,"Area rekreasi yang terletak di bukit berhutan, dengan aktivitas naik kayak di danau tenang, hiking, dan kemah."
W_5a2b76a3,Kebun Teh Kemuning,Solo,Budaya/Sejarah,"Kebun teh di lereng Gunung Berapi Lawu, yang menawarkan jalan-jalan tanpa pemandu & beberapa kafe."
W_90f90f7a,Wisata Bukit Mongkrang,Solo,Alam,Area pendakian dengan jalur pendek menanjak ke titik pengamatan di kaki bukit dengan pemandangan Gunung Lawu.
W_404adf9b,Sakura Hills,Solo,Budaya/Sejarah,"Gerbang Shinto torii, penyewaan model samurai dan kimono di taman khas Jepang dengan bunga sakura musim semi."
W_5c6e90b1,Wisata Bukit Sekipan Tawangmangu,Solo,Alam,"Area rekreasi di lembah pegunungan, dengan wahana untuk anak-anak & model bangunan terkenal global."
W_c2c03f55,Taman Wisata New Balekambang Tawangmangu,Solo,Budaya/Sejarah,Replika 7 keajaiban dunia berskala kecil di antara taman rekreasi air dan game yang cocok untuk keluarga.
W_fd999a42,Rumah Atsiri Indonesia,Solo,Budaya/Sejarah,"Berada di bekas pabrik minyak sereh wangi, fasilitas modern ini memberikan edukasi minyak esensial untuk umum."
W_8f45b319,Umbul Kemanten,Solo,Budaya/Sejarah,Kolam mata air alami berair jernih yang dikelilingi pepohonan tinggi ini adalah tempat populer untuk berenang.
W_4768af2b,Kolam Renang Umbul Cokro (OMAC-Obyek Mata Air Cokro),Solo,Budaya/Sejarah,Destinasi wisata Kolam Renang Umbul Cokro (OMAC-Obyek Mata Air Cokro) berlokasi di Solo.
W_bd996948,Umbul Sigedang - Kapilaler,Solo,Budaya/Sejarah,Mata air mengaliri taman rekreasi dengan kolam renang alami ini dan fasilitas wisatawan lainnya.
W_8fa53f4b,UMBUL PELEM WATERPARK,Solo,Budaya/Sejarah,"Pusat aktivitas outdoor di atas mata air alami, dengan kolam renang, seluncuran air, dan area bermain."
W_c4a5f903,Umbul Besuki,Solo,Budaya/Sejarah,"Taman air yang dibangun di sekitar mata air alami dengan kolam renang, pemancingan, dan jalan setapak teduh."
W_3b3833d7,Candi Merak,Solo,Budaya/Sejarah,Destinasi wisata Candi Merak berlokasi di Solo.
W_b2d61e45,Rowo Jombor,Solo,Budaya/Sejarah,"Danau besar populer untuk berperahu & memancing, dikelilingi kedai camilan & resto hidangan panggang seafood."
W_f27d6d3d,Bukit Sidoguro Krakitan Bayat Klaten,Solo,Alam,Karya seni publik menyerupai flora asli di platform observasi puncak bukit yang menghadap ke kota & hutan.
W_6b073af3,Air Terjun Girimanik,Solo,Alam,Destinasi wisata Air Terjun Girimanik berlokasi di Solo.
W_c4ad0939,Waduk Gadjah Mungkur,Solo,Budaya/Sejarah,"Di waduk damai & luas ini ada aktivitas berperahu, berenang, memancing, kebun binatang mini & area piknik."
W_eb8debc6,Museum Manusia Purba Sangiran Klaster Ngebung,Solo,Budaya/Sejarah,"Pusat pendidikan yang menampilkan pajangan & artefak Manusia Jawa, salah satu jenis manusia purba."
W_ab68cc1e,Gunung Kemukus,Solo,Alam,"Situs gunung dan ziarah yang ditutupi tanaman subur, dengan sebuah kuil tua di bagian atasnya."
W_a6fefb15,Waduk Kedung Ombo,Solo,Budaya/Sejarah,Destinasi wisata Waduk Kedung Ombo berlokasi di Solo.
W_c90c9ee7,Alun-Alun Karanganyar,Solo,Budaya/Sejarah,Ruang hijau terbuka yang besar dan dibatasi oleh pohon ini merupakan tempat bagi berbagai acara & festival.
W_fd9470de,Alun-Alun Kidul Boyolali,Solo,Budaya/Sejarah,Alun-alun umum luas dengan patung sapi raksasa ini sering menjadi tempat berjualan berbagai pedagang makanan.
W_4f39e271,Simpang Siaga Boyolali,Solo,Budaya/Sejarah,Tiga belas kuda menarik kereta menanjak di patung besar dan menawan yang terbuat dari perunggu ini.
W_185602b0,Monumen Susu Tumpah,Solo,Budaya/Sejarah,Destinasi wisata Monumen Susu Tumpah berlokasi di Solo.
W_90a31d8d,Cepogo Cheese Park,Solo,Budaya/Sejarah,Destinasi wisata Cepogo Cheese Park berlokasi di Solo.
W_b7e4b6bc,New Selo,Solo,Budaya/Sejarah,"Area hiking bertiket dengan kedai camilan, kafe warung & panorama pegunungan berhutan yang diselimuti kabut."
W_9694ac0a,Bukit Sanjaya/ New UGA - Boyolali,Solo,Alam,Destinasi wisata Bukit Sanjaya/ New UGA - Boyolali berlokasi di Solo.
W_da47a9f1,Kebun Raya Indrokilo,Solo,Budaya/Sejarah,Destinasi wisata Kebun Raya Indrokilo berlokasi di Solo.
W_61a26b90,Umbul Pengging,Solo,Budaya/Sejarah,"Kompleks keluarga dengan area bermain, spot piknik & kolam renang yang bersumber dari mata air dingin alami."
W_45ca5b5d,Gunung Sepikul Sukoharjo,Solo,Alam,"Gugusan batu menjulang tinggi yang memukau dengan panorama bukit berhutan & sawah, populer untuk trekking."
W_aca6a9ec,Wisata Alam Batu Seribu,Solo,Budaya/Sejarah,Destinasi wisata Wisata Alam Batu Seribu berlokasi di Solo.
W_629b3856,Bukit Hope,Solo,Alam,Destinasi wisata Bukit Hope berlokasi di Solo.
W_1581d004,Museum Samanhoedi,Solo,Budaya/Sejarah,Destinasi wisata Museum Samanhoedi berlokasi di Solo.
W_da1ffb93,Petilasan Kerajaan Pajang,Solo,Budaya/Sejarah,Destinasi wisata Petilasan Kerajaan Pajang berlokasi di Solo.
W_d863911e,"Kali Pucung Rivertubing,OUTBOUND dan Jeep Adventure KEMUNING",Solo,Budaya/Sejarah,"Destinasi wisata Kali Pucung Rivertubing,OUTBOUND dan Jeep Adventure KEMUNING berlokasi di Solo."
W_80a2224e,De'Tasikmadoe Heritage,Solo,Budaya/Sejarah,"Taman di pabrik gula tua dengan area bermain, panjat dinding, akuarium, kandang burung & taman rekreasi air."
W_94fa976f,Candi Menggung,Solo,Budaya/Sejarah,Destinasi wisata Candi Menggung berlokasi di Solo.
W_82326d07,Pemandian Air Panas Bayanan,Solo,Budaya/Sejarah,Destinasi wisata Pemandian Air Panas Bayanan berlokasi di Solo.
W_e412c13b,Air Terjun Parang Ijo,Solo,Alam,Banyak tangga batu mengarah ke air terjun indah ini yang mengalir di tengah lingkungan yang rimbun.
W_80a47124,TAHURA KGPAA. Mangkunagoro I,Solo,Budaya/Sejarah,Destinasi wisata TAHURA KGPAA. Mangkunagoro I berlokasi di Solo.
W_6f3bc7a8,Astana Giribangun,Solo,Budaya/Sejarah,"Makam marmer Presiden Soeharto dan keluarganya, yang terletak di paviliun simpel bergaya Jawa di puncak bukit."
W_3a624c02,Telaga Claket,Solo,Budaya/Sejarah,"Danau kecil yang tenang di kaki Bukit Widodaren, dengan ponton dan bingkai berbentuk hati."
W_a65a4311,Bukit Gancik Selo Boyolali,Solo,Alam,Pos pengamatan puncak bukit dengan panorama Gunung Merapi & Gunung Merbabu yang indah dari tempat pengamatan.
W_c8f404e3,Air Terjun Kedung Sriti,Solo,Alam,Destinasi wisata Air Terjun Kedung Sriti berlokasi di Solo.
W_2a15d115,Wahana Soko Alas,Solo,Budaya/Sejarah,Destinasi wisata Wahana Soko Alas berlokasi di Solo.
W_926d6531,Janti Park,Solo,Budaya/Sejarah,Destinasi wisata Janti Park berlokasi di Solo.
W_10f7d602,Umbul Nilo,Solo,Budaya/Sejarah,Destinasi wisata Umbul Nilo berlokasi di Solo.
W_a3b03727,Obyek Wisata Deles Indah,Solo,Budaya/Sejarah,Destinasi wisata Obyek Wisata Deles Indah berlokasi di Solo.
86,Keraton Yogyakarta,Yogyakarta,Budaya,"Keraton Ngayogyakarta Hadiningrat atau Keraton Yogyakarta (bahasa Jawa: ꦏꦫꦠꦺꦴꦤ꧀​ꦔꦪꦺꦴꦒꦾꦏꦂꦠ​ꦲꦢꦶꦤꦶꦔꦿꦠ꧀, translit. Karaton Ngayogyakarta Hadiningrat) merupakan istana resmi Kesultanan Ngayogyakarta Hadiningrat yang kini berlokasi di Kota Yogyakarta. Keraton ini didirikan oleh Sri Sultan Hamengkubuwana I pada tahun 1755 sebagai Istana/Keraton Yogyakarta yang baru berdiri akibat perpecahan Mataram Islam dengan adanya Perjanjian Giyanti. Keraton ini adalah pecahan dari Keraton Surakarta Hadiningrat dari Kesunanan Surakarta (Kerajaan Surakarta). Sehingga dinasti Mataram diteruskan oleh 2 Kerajaan yakni Kesultanan Yogyakarta dan Kesunanan Surakarta. Total luas wilayah keseluruhan keraton yogyakarta mencapai 184 hektar, yakni meliputi seluruh area di dalam benteng Baluwarti, alun-alun Lor, alun-alun Kidul, gapura Gladak, dan kompleks Masjid Gedhe Yogyakarta. Sementara luas dari kedhaton (inti keraton) mencapai 13 hektar. Walaupun Kesultanan Yogyakarta secara resmi telah menjadi bagian Republik Indonesia pada tahun 1945, kompleks bangunan keraton ini masih berfungsi sebagai tempat tinggal sultan dan rumah tangga istananya yang masih menjalankan tradisi kesultanan hingga saat ini. Keraton ini kini juga merupakan salah satu objek wisata di Kota Yogyakarta. Sebagian kompleks keraton merupakan museum yang menyimpan berbagai koleksi milik kesultanan, termasuk berbagai pemberian dari raja-raja Eropa, replika pusaka keraton, dan gamelan. Dari segi bangunannya, keraton ini merupakan salah satu contoh arsitektur istana Jawa yang terbaik, memiliki balairung-balairung mewah dan lapangan serta paviliun yang luas."
87,Sindu Kusuma Edupark (SKE),Yogyakarta,Taman Hiburan,"Sindu Kusuma Edupark (SKE) merupakan sebuah destinasi rekreasi yang terletak di Jogjakarta. Di tujuh hektar kawasan taman yang selesai dibangun tahun 2014 ini, terdapat bermacam-macam wahana, baik wahana bermain maupun wahana belajar yang bisa dinikmati oleh semua anggota keluarga. Wahana yang paling terkenal dari SKE adalah bianglalanya, yang merupakan sebuah wahana bermain sekaligus ikon SKE sendiri. Bila Singapore memiliki Flyer setinggi 165 meter, sementara Malaysia punya Eye setinggi 88 meter, dan di Thailand ada Asiatique setinggi 60 meter, Indonesia memiliki Cakra Manggilingan dengan tinggi 48 meter. Di tingkat Asia Tenggara, bianglala ini memang mesti berpuas diri duduk di peringkat keenam sebagai bianglala tertinggi, tetapi di tingkat nasional, ia duduk di peringkat pertama."
88,Museum Benteng Vredeburg Yogyakarta,Yogyakarta,Budaya,"Museum Benteng Vredeburg (bahasa Jawa: ꦩꦸꦱꦶꦪꦸꦩ꧀​ꦧꦺꦠꦺꦁ​ꦮ꦳ꦽꦢꦼꦧꦸꦂꦒ꧀, translit. Musiyum Bètèng Vredeburg adalah sebuah benteng yang terletak di depan Gedung Agung dan Kraton Kesultanan Yogyakarta. Sekarang, benteng ini menjadi sebuah museum. Di sejumlah bangunan di dalam benteng ini terdapat diorama mengenai sejarah Indonesia."
91,Situs Warungboto,Yogyakarta,Taman Hiburan,"Situs Warungboto atau Pesanggrahan Rejawinangun adalah salah satu bangunan cagar budaya yang terletak di Jalan Veteran No.77, Kelurahan Warungboto, Kecamatan Umbulharjo, Kota Yogyakarta, Daerah Istimewa Yogyakarta. Pada awalnya, situs ini merupakan lokasi sebuah pesanggrahan dan pemandian."
92,Nol Kilometer Jl.Malioboro,Yogyakarta,Taman Hiburan,"Walaupun hanyalah sebuah persimpangan, namun persimpangan Titik 0 km ini bukanlah sebuah persimpangan biasa. Karena di persimpangan ini bisa dibilang sebagai titik tengah kota Jogja karena lokasinya yang benar-benar di depan Keraton Yogyakarta sebagai pendiri daerah yang istimewa ini. Terlebih lagi di sebelah utaranya adalah pusat keramaian wisata Jogja yaitu Jalan Malioboro, sehingga jika anda sedang nongkrong di persimpangan Titik Nol Kilometer ini benar-benar merasakan titik tengah Jogja yang begitu syahdu. Titik 0 Kilometer Yogyakarta memang tempat favorit wisatawan untuk menghabiskan waktu, terlebih pada sore hari dan malam hari yang setiap hari selalu ramai disesaki oleh para wisatawan yang sekedar hanya untuk nongkrong di dudukan yang banyak disediakan di sekitar perempatan."
93,Gembira Loka Zoo,Yogyakarta,Cagar Alam,"Kebun Binatang Gembira Loka biasa disebut Gembira Loka Zoo (disingkat GL Zoo, bahasa Jawa: ꦏꦼꦧꦺꦴꦤ꧀​ꦫꦗ​ꦒꦼꦩ꧀ꦧꦶꦫ​ꦭꦺꦴꦏ, translit. Kêbon Raja Gêmbira Loka) adalah kebun binatang yang berada di Kota Yogyakarta. Berisi berbagai macam spesies dari belahan dunia, seperti orang utan, gajah asia, simpanse, harimau, dan lain sebagainya. Kebun Binatang Gembira Loka menjadi daya tarik tersendiri bagi para wisatawan Yogyakarta. Gembira Loka Zoo sempat rusak parah akibat gempa bumi Yogyakarta tahun 2006. Tetapi, setelah direnovasi Kebun Binatang Gembira Loka tetap dicari para wisatawan."
94,Sumur Gumuling,Yogyakarta,Taman Hiburan,Sumur Gumuling adalah salah satu tempat untuk ibadah atau kegiatan agama pada masa lalu. Sumur Gumuling merupakan masjid pada zaman pemerintahan Sri Sultan Hamengkubuwana I dan II.
95,Desa Wisata Sungai Code Jogja Kota,Yogyakarta,Taman Hiburan,"Kampung Code berada di Kelurahan Kotabaru, Kecamatan Gondokusuman Kota Yogyakarta. Lokasi persisnya ada di RT 01/RW 01 di sebelah selatan jembatan Gondolayu di Jl Jenderal Sudirman atau di sebelah timur bantaran Kali Code yang membelah Kota Yogyakarta. Kampung Code terletak persis di bantaran Kali Code yang memanjang ke arah selatan dengan kontur tanah bertebing dari atas ke bawah. Di bagian atas yang mepet Jl Faridan M. Noto sebagian besar digunakan warga untuk usaha jasa/jual beli ban mobil. Sedangkan di bagian bawah menjadi tempat pemukiman warga. Kampung Code yang tadinya kampung biasa, menjelma menjadi sebuah karya seni berkat jasa seorang arsitek sekaligus pemuka agama katolik, Romo YB Manguwijaya."
96,Alun Alun Selatan Yogyakarta,Yogyakarta,Taman Hiburan,"Alun-alun Selatan atau yang sekarang lebih dikenal sebagai Alun-alun Kidul (Alkid) yaitu alun-alun yang terletak di sebelah selatan karaton Yogyakarta. Alun-alun ini berbentuk tanah lapang luas berpasir, dengan luas sekitar 160m x 160 m. Alun-alun ini dikelilingi pagar tembok batu bata setinggi 2,20 m, tebal pagar tembok 30 cm, sudah banyak yang runtuh dan rusak. Adapun pagar tembok yang dapat disaksikan sekarang adalah pagar tembok baru, yang dibangun oleh Sri Sultan Hamengkubuwono ke VII pada masa pemerintahannya tahun 1877 -1921 M."
98,Taman Pelangi Yogyakarta,Yogyakarta,Taman Hiburan,"Taman Pelangi Yogyakarta merupakan tempat wisata malam yang menampilkan warna-warni lampu lampion, sehingga terlihat seperti pelangi. Taman wisata ini terletak di Jalan Padjajaran (sebelumnya bernama Jalan Ring Road Utara), dan berada di lokasi Museum Monumen Yogya Kembali (Monumen Jogja Kembali) Yogyakarta. Taman Pelangi memiliki lebih dari 20 jenis permainan, 25 stand makan dan stand minum. Taman pelangi ini bisa dinikmati dari sore sampai malam, atau dari jam 17.00 sampai jam 23.00. Malam hari anda akan terasa lengkap dan sempurna di Taman Pelangi dengan banyaknya lampion yang menyala memberikan kesan yang menarik untuk menenangkan pikiran."
99,Kampung Wisata Kadipaten,Yogyakarta,Budaya,Kampung Wisata Kadipaten secaara kewilayahan berada di Kelurahan Kadipaten Kecamatan Kraton. Keberadaannya juga berfungsi sebagai penyangga obyek wisata Kraton Kasultanan Yogyakarta. Sesuai dengan potensi yang ada Kampung Wisata Kadipaten kemudian mengangkat tema “Art and Heritage Turism” sebagai brandinngnya. Kawasan kampung wisata ini menjadi sangat unik dan spesifik karena disana banyak terdapat bangunan situs cagar busaya terutama bangunan Dalem Pangeran. Nama Kadipaten sendiri konon berasal dari nama kawasan yang disana banyak terdapat bangunan situs cagar budaya terutama bangunan Dalem Pangeran. Nama Kadipaten konon berasal dari nama kawasan yang disana banyak ditinggali oleh kerabat Kraton yang sekaligus sebagai pengagung Kraton.
100,Taman Budaya Yogyakarta,Yogyakarta,Budaya,"Taman Budaya Yogyakarta (TBY) (Hanacaraka:ꦠꦩꦤ꧀​ꦧꦸꦢꦪ​ꦔꦪꦺꦴꦒꦾꦏꦂꦠ, bahasa Jawa: Taman Budaya Ngayogyakarta) adalah sarana wisata yang terletak di Jalan Sri Wedani No 1, Yogyakarta. TBY memiliki kompleks gedung yang berfungsi sebagai tempat pameran, pertunjukan, dan berbagai kegiatan seni lainnya. TBY merupakan Unit Pelaksana Teknis Dinas (UPTD) pada Dinas Kebudayaan Provinsi Daerah Istimewa Yogyakarta. Fungsi dari TBY adalah sebagai pusat budaya termasuk di dalamnya pengembangan dan pengolahan pusat dokumentasi, etalase, dan informasi seni budaya dan pariwisata."
101,Kampung Wisata Sosro Menduran,Yogyakarta,Budaya,"Kampung wisata Sosromenduran merupakan kampung wisata yang sangat unik karena berbasis multi culture, akomodasi dan belanja sekaligus berfungsi sebagai penyangga kawasan Objek Wisata Malioboro. Secara kewilayahan kampung wisata sosromenduran berada di Kelurahan Sosromenduran Kecamatan Gedongtengen. Letaknya sangat strategis karena berada disamping dikawasan Malioboro juga sangat dekat dengan Stasiun Kereta Api Tugu serta banyak terdapat fasilitas kepariwisataan baik hotel, homestay, warung dan restoran, travel, money changer, coffee, rental mobil, sepeda motor bahkan sepeda ontel dan yang sangat menarik di kampung wisata Sosromenduran juga terdapat banyak produsen souvenir kaos oblong yang juga banyak dijual di sepanjang jalan malioboro"
102,Monumen Batik Yogyakarta,Yogyakarta,Budaya,"Perhatian pemerintah megenai kebudayan batik ini sangat besar, hal ini dikarenakan kebudayaannya bersinggungan langsung dengan masyarakat Jawa. Memperingati Hari Batik Nasional pada hari ini, traveler bisa berjalan-jalan ke monumen batik yang ada di Jogja. Perhatian pemerintah megenai kebudayan batik ini sangat besar, hal ini dikarenakan kebudayaannya bersinggungan langsung dengan masyarakat Jawa. Memperingati Hari Batik Nasional pada hari ini, traveler bisa berjalan-jalan ke monumen batik yang ada di Jogja."
103,Tugu Pal Putih Jogja,Yogyakarta,Taman Hiburan,"Tugu Yogyakarta (Jawa: , Tugu Ngayogyakarta) adalah sebuah landmark bersejarah yang penting di kota Yogyakarta, Indonesia. Tugu berarti tugu, yang biasanya dibangun sebagai simbol suatu kawasan yang mengkonseptualisasikan ciri-ciri kawasan tersebut. Karena latar belakang sejarahnya, Tugu Yogyakarta telah menjadi ikon sejarah kota. Tugu Yogyakarta terletak tepat di tengah persimpangan antara Jalan Mangkubumi, Jalan Sudirman, Jalan A.M Sangaji, dan Jalan Dipenogoro kota."
105,Candi Donotirto,Yogyakarta,Budaya,"Walaupun melekat dengan kata candi, Candi Donotirto bukanlah peninggalan jaman Hindu-Buddha di Yogyakarta. Tempat ini dibangun oleh pemerintah Belanda. Ada dua bagian, yaitu bagian barat untuk kaum adam dan bagian timur untuk kaum hawa. Masing-masing dialiri oleh 5 buah pancuran air yang bersumber dari Sungai Winogo, berarti ada 10 buah pancuran di sana. Hingga kini, tempat ini tetap dirawat oleh warga sekitar walaupun digunakan sebagai WC umum. Oleh karenanya, janganlah berat tangan untuk menyisihkan uang Anda sebagai ganti biaya perawatan dan kebersihan tempat ini."
106,Kawasan Malioboro,Yogyakarta,Taman Hiburan,"Jalan Malioboro adalah nama salah satu kawasan jalan dari tiga jalan di Kota Yogyakarta yang membentang dari Tugu Yogyakarta hingga ke perempatan Kantor Pos Yogyakarta. Secara keseluruhan terdiri dari Jalan Margo Utomo, Jalan Malioboro, dan Jalan Margo Mulyo. Jalan ini merupakan poros Garis Imajiner Kraton Yogyakarta."
107,Bangsal Pagelaran,Yogyakarta,Budaya,"Bangunan utama adalah Bangsal Pagelaran yang dahulu dikenal dengan nama Tratag Rambat. Pada zamannya Pagelaran merupakan tempat para penggawa kesultanan menghadap Sultan pada upacara resmi. Sekarang sering digunakan untuk even-even pariwisata, religi, dan lain-lain disamping untuk upacara adat keraton. Sepasang Bangsal Pemandengan terletak di sisi jauh sebelah timur dan barat Pagelaran. Dahulu tempat ini digunakan oleh Sultan untuk menyaksikan latihan perang di Alun-alun Lor."
108,Embung Tambakboyo,Yogyakarta,Taman Hiburan,"Embung atau waduk Tambakboyo adalah konservasi air yang terletak di Dusun Tambakboyo, Kecamatan Depok, Kabupaten Sleman, Yogyakarta. Waduk ini memanfaatkan sumber air dari sungai Tambak Bayan dan sungai Buntung dengan luasan 7,8 ha. Waduk ini dibangun sejak tahun 2003 hingga 2008 dan diresmikan setahun kemudian."
110,Monumen Serangan Umum 1 Maret,Yogyakarta,Taman Hiburan,"Monumen Serangan Umum 1 Maret berada di area sekitar Museum Benteng Vredeburg yaitu tepat di depan Kantor Pos Besar Yogyakarta. Monumen ini dibangun untuk memperingati serangan tentara Indonesia terhadap Belanda pada tanggal 1 Maret 1949. Ketika itu Negara Indonesia telah dianggap lumpuh dan tidak ada oleh Belanda. Untuk membuktikan bahwa Negara Indonesia masih ada maka dilakukan serangan besar-besaran. Serangan ini dilakukan oleh Tentara Nasional Indonesia (TNI) yang dipimpin oleh Letnan Kolonel Soeharto, Komandan Brigade 10 daerah Wehrkreise III."
112,Bukit Bintang Yogyakarta,Yogyakarta,Taman Hiburan,"Bukit Bintang merupakan salah satu lokasi nongkrong favorit di Yogyakarta. Saat malam tiba, pemandangan Yogyakarta sangatlah indah!Terletak di perbatasan Bantul dan Gunungkidul, siapa pun yang berkunjung ke kawasan ini dapat menikmati taburan gemintang di langit malam serta kerlip benderang lampu kota dari ketinggian.Kota ini memiliki Bukit Bintang yang selalu ramai dipadati kawula muda untuk menikmati keindahan malam. Bukit Bintang menjadi tempat yang sempurna untuk menikmati senja hingga malam tiba."
113,Gedung Agung Yogyakarta,Yogyakarta,Budaya,"Istana Yogyakarta yang dikenal dengan nama Gedung Agung (bahasa Jawa: ꦒꦼꦝꦺꦴꦁ​ꦄꦒꦼꦁ, translit. Gedhong Ageng) terletak di pusat keramaian kota, tepatnya di ujung selatan Jalan Ahmad Yani dahulu dikenal dengan Jalan Margomulyo. Kawasan istana terletak di Kelurahan Ngupasan, Kecamatan Gondomanan, Kota Yogyakarta, dan berada pada ketinggian 120 m dari permukaan laut. Kompleks istana ini menempati lahan seluas 43.585 m²."
115,Monumen Sanapati,Yogyakarta,Budaya,"Monumen Sanapati dibangun untuk memeringati 50 tahun persandian Indonesia di Yogyakarta. Persandian di Yogyakarta memiliki andil yang besar dalam mempertahankan kemerdekaan Negara Indonesia. Tercatat pada peristiwa Serangan Umum 1 Maret 1949, sandi buatan Roebiono masih digunakan untuk menyebarkan pesan pada dunia bahwa Indonesia masih ada dan masih bisa melawan. Selanjutnya, peristiwa tersebut dikenal dengan Peristiwa 6 jam di Yogyakarta. Monumen Sanapati terletak di kawasan Kotabaru, tepatnya di tengah persimpangan Jalan Abu Bakar Ali, di taman depan Gereja Santo Antonius. Bangunan Monumen Sanapati berbentuk segitiga berujung lancip menyerupai piramida dengan tinggi 3 meter dan lebar 2,5 meter. Monumen tersebut didesain oleh Drs Kasman dan diresmikan oleh Menteri Sekretaris Negara Republik Indonesia saat itu, Moerdiono, pada 4 April 1996, tepat pada Hari Persandian Indonesia. Pembangunan monument membutuhkan waktu satu bulan dan memakan biaya sebesar 25 juta rupiah."
119,Lava Bantal,Yogyakarta,Budaya,"Wilayah DIY menawarkan sejumlah potensi wisata, terlebih pariwisata berbasis sungai. Salah satunya yang kini menjadi salah satu favorut wisatawan adalah Lava Bantal yang berada di Kecamatan Berbah, Kabupaten Sleman. Sesuai namanya, objek wisata ini menawarkan batuan yang diduga berasal dari lava pijar dari gunung api bawah laut yang mengering selama kurun waktu ratusan tahun lalu. Terhampar di Sungai Opak, batuan tersebut menjadi pemandangan unik yang mampu menyita perhatian para pelancong. Konon keberadaan Lava Bantal berkontribusi besar terhadap terbentuknya Pulau Jawa. Fenomena alam seperti yang terjadi di Lava Bantal ini sangat jarang terjadi. Di Pulau Jawa fenomena sejenis hanya bisa ditemukan di Karangsambung (Kebumen), Ciletuh (Jawa Barat), dan di Berbah (DIY). Dengan latar belakang sejarah geologi yang panjang, sejak 2 Oktober 2014 silam pemerintah telah menetapkan objek wisata ini sebagai geo heritage. Artinya, semua keunikan geologis yang ada di objek wisata tersebut tergolong sebagai objek yang dilindungi oleh pemerintah."
120,Bukit Panguk Kediwung,Yogyakarta,Budaya,"Bukit Panguk Kediwung adalah salah satu obyek wisata yang menawarkan pemandangan alam dari ketinggian. Jika dibandingkan dengan obyek wisata perbukitan lain di Bantul memang Bukit Panguk Kediwung termasuk baru karena dibuka pada tahun 2016. Namun jangan salah, lokasi ini sudah mencuri hati banyak pengunjung dari dalam maupun luar kota. Bukit Panguk Kediwung berlokasi di Kediwung, Mangunan, Dlingo, Bantul, Yogyakarta. Jangan khawatir untuk tersesat karena di sepanjang jalan menuju ke lokasi kita akan melihat beberapa papan petunjuk. Kurang lebih berjarak 20 km dari pusat Kota Yogyakarta. Dari pusat Kota Yogyakarta anda bisa bergerak menuju ke selatan tepatnya ke arah Jalan Imogiri Timur, ikuti jalan hingga menemukan Pasar Imogiri, lalu belok kiri dan lanjutkan perjalanan menuju ke arah Dlingo, dari sana anda akan mulai melihat petunjuk jalan menuju Bukit Panguk Kediwung. Akses jalan menuju Bukit Panguk Kediwung sudah diaspal halus hanya saja konturnya sedikit naik turun namun masih dalam kategori aman. Sangat disarankan untuk menggunakan kendaraan pribadi karena akses ke sini menggunakan kendaraan umum cukup sulit."
123,Kampung Wisata Rejowinangun,Yogyakarta,Budaya,"Kampung wisata Rejowinangun terletak di Kelurahan rejowinangun, Kecamatan Kotagede, Kota Yogyakarta tepatnya sebelah selatan Kebun binatang Gembiraloka. Kampung wisata ini telah dirintis sejak tahun 2010 dan dengan kerjasama seluruh elemen masyarakat, pada tanggal 04 Oktober 2013 oleh Kepala dinas Pariwisata Kota Yogyakarta, Kampung Wisata Rejowinangun diresmikan. Kelurahan Rejowinangun merupakan satu kelurahan dari tiga kelurahan yang ada di Kecamatan Kotagede, sebuah kecamatan diujung timur Kota Yogyakarta yang terkenal dengan perak dan bekas kerajaan Mataram. Kelurahan Rejowinangun memiliki banyak potensi yang jika dikembangkan sungguh akan sangat luar biasa, meskpun saat ini yang terkenal baru Kebun Raya Kebun Binatang (KRKB) Gembiraloka yang lokasinya berada di wilayah Kelurahan Rejowinangun. Dengan adanya tempat wisata KRKB Gembiraloka di wilayah ini, berusaha mengembangkan wilayah kelurahan dengan potensi yang ada sehingga wisatawan selain mengunjungi Gembiraloka bisa singgah di kampung wisata ini."
124,Kauman Pakualaman Yogyakarta,Yogyakarta,Budaya,"Pakualaman adalah sebuah kecamatan di Kota Yogyakarta, Provinsi Daerah Istimewa Yogyakarta, Indonesia. Kecamatan ini terletak di antara Sungai Code dan Sungai Manunggal. Nama 'Pakualaman' diambil dari Puro Paku Alaman, kediaman resmi Sri Paduka Pakualam yang terletak tepat di tengah-tengah kecamatan ini. Sebelumnya, Pakualaman bukan bagian kota Yogyakarta, melainkan Kabupaten Kota Pakualaman, yang dihapus setelah terbentuknya Pemerintah Kota Yogyakarta pada 1947."
125,Alun-alun Utara Keraton Yogyakarta,Yogyakarta,Budaya,Alun-alun utara atau dalam Bahasa Jawa disebut Alun-alun Lor merupakan salah satu land mark Kota Yogyakarta yang berupa sebuah tanah lapang yang berada di depan Keraton Yogyakarta. Disebut Alun-alun Lor karena di Kota Yogyakarta terdapat dua alun-alun yang letaknya di sebelah selatan dan utara dari Keraton Yogyakarta. Alun-alun Lor berbentuk persegi dengan luas 150 x 150 meter dengan dua pohon beringin besar berpagar yang berada di tengah alun-alun. Dua Pohon Beringin Besar itu masing-masing diberi nama Kyai Dewandaru dan Kyai Wijayandaru. Pada masa lalu di sekeliling Alun-alun Lor ditanam 63 Pohon Beringin yang melambangkan umur Nabi Muhammad SAW.
126,Pantai Goa Cemara,Yogyakarta,Bahari,"Pantai Goa Cemara (bahasa Jawa: ꦥꦱꦶꦱꦶꦂ​ ꦒꦸꦮ​ ꦕꦺꦩꦫ, translit. Pasisir Guwa Cemara​) adalah objek wisata pantai yang terletak di Dusun Patihan, Desa Gadingsari, Kecamatan Sanden, Kabupaten Bantul. Daerah Istimewa Yogyakarta. Pantai ini terletak tepatnya berdampingan dengan Pantai Samas dan Pantai Pandansari.\n\nPantai ini memiliki pasir berwarna hitam tapi lembut dengan ombak yang cukup besar kerakteristik pantai selatan. Pantai ini merupakan pantai pengembangan baru dimana terdapat banyak pohong Cemara udang rindang membentuk seperti goa, hal ini yang membuat pantai ini dinamai Goa Cemara. Pohon Cemara ini bertujuan untuk melindungi abrasi air laut dan menahan gumuk pasir supaya tidak mengalamai perpindahan akibat tiupan angin."
129,Bukit Lintang Sewu,Yogyakarta,Taman Hiburan,"Bukit Lintang Sewu ini berasal ketika pada saat malam hari di bukit ini terlihat ribuan bintang – bintang yang membentang luas di angkasa. Dalam bahasa Jawa Bukit Seribu Bintang adalah Bukit Lintang Sewu (lintang: bintang, sewu: seribu). Pemandangan alam yang tidak kalah mempesona membuat Bukit Langit Sewu ini menjadi tempat favorit bagi pecinta alam. Pada saat menuju bukit, pengunjung akan disuguhkan dengan pepohonan pinus, tetapi saat sampai pengunjung akan disuguhkan panorama hutan Kayu Putih yang menjadi keunikan tempat wisata ini. Diatas pohon Kayu Putih ini juga terdapat Burung Alap-alap yang melintas diatas pohonnya. Selain itu pengunjung juga akan dimanjakan dengan deretan pegunungan seperti Gunung merbabu, Gunung Sumbing, Menoreh, dan Gunung Merapi."
130,Studio Alam Gamplong,Yogyakarta,Taman Hiburan,"Studio Gamplong atau Studio Alam Gamplong adalah sebuah tempat wisata yang terletak di Desa Gamplong, Kecamatan Moyudan, Kabupaten Sleman. Tempat tersebut awalnya adalah tempat pengambilan gambar film Sultan Agung: Tahta, Perjuangan, Cinta dan Bumi Manusia karya Hanung Bramantyo. Tempat tersebut didirikan di atas lahan seluas 2,5 hektar. Tempat tersebut diresmikan oleh Presiden Joko Widodo pada 15 Juli 2018."
131,Watu Lumbung,Yogyakarta,Cagar Alam,"Letak Kampung Edukasi Watu Lumbung yang berada di area perbukitan dipenuhi rerimbunan pohon jati, membuat pemandadangan dari tempat ini sangat indah sekali. Watu Lumbung dikonsep oleh M Boy Rifai sebagai tempat yang mengajarkan nilai-nilai edukasi, di mana Boy Rifai telah berhasil menyulap lahan tandus yang dulunya dibiarkan saja, kini menjadi tempat eksotis untuk menikmati malam maupun melihat sunset dan sunrise. Untuk menjaga keasrian di daerah sekitar tempat wisata pengelolah sengaja membangun area ini sebagai kawasan wisata yang selaras dengan alam."
132,Air Terjun Kedung Pedut,Yogyakarta,Cagar Alam,"Air Terjun Kedung Pedut atau biasa disebut Curug Kedung Pedut berasal dari istilah bahasa Jawa. Curug yang berarti air terjun, kedung berarti kubangan atau kolam, dan pedut berarti kabut. Air Terjun Kedung Pedut merupakan salah satu wisata alam yang di Kulonprogo yang dikenal karena keindahan warna airnya."
133,Puncak Kebun Buah Mangunan,Yogyakarta,Taman Hiburan,"Berlibur di pegunungan memang menyenangkan. Dapat menikmati sejuknya udara serta pemandangan indah dari atas perbukitan. Wisata seperti ini dapat dinikmati di Bantul, tepatnya di Kebun Buah Mangunan. Beruntungnya Jogja dikaruniai bentang alam yang begitu indah. Ada pantai, gunung, bukit, serta kota dan budaya yang sangat menarik. Kebun Buah Mangunan hadir sebagai objek wisata yang begitu menarik minat wisatawan. Apalagi di pagi hari, pemandangannya tak ubahnya seperti negeri di atas awan."
134,Desa Wisata Gamplong,Yogyakarta,Taman Hiburan,"Desa Wisata Gamplong adalah desa wisata kerajinan tenun yang berada di Padukuhan Gamplong Desa Sumber Rahayu Kecamatan Moyudan Kabupaten Sleman, Yogyakarta. Desa wisata yang terletak di sebelah barat Kota Yogyakarta ini cukup menarik untuk disinggahi wisatawan terlebih karena masih adanya industri kerajinan tenun tradisional dengan menggunakan Alat Tenun Bukan Mesin (ATBM). Dengan ATBM, masyarakat perajin Gamplong mampu menghasilkan kain tenun sebagai bahan stagen (kain panjang untuk melilit bagian perut wanita). Selain kerajinan tenun, perajin juga mampu memproduksi kerajinan anyaman untuk suvenir."
135,Kawasan Wisata Sosrowijayan,Yogyakarta,Pusat Perbelanjaan,"Tempat wisata Sosrowijayan memang selama ini dikenal sebagai Wisata Kampung bule, lokasinya sendiri berada di pusat kota Yogyakarta sehingga hampir tiap hari di lokasi ini banyak sekali pengunjungnya yang sangat padat. Bagi Anda yang ingin berkunjung ke sini, harus menggunakan kendaraan karena dari arah stasiun Tugu Anda tinggal berjalan selama 200 meter selanjutnya anda pun akan langsung menemukan daerah Sosrowijayan yang mempunyai tanda yaitu Sebuah Jalan Kecil menuju Barat dengan nama yang sama. Wisata unik sosrowijayan menjadi membagi dua daerah yaitu Sosrowijayan Wetan dan Sosrowijayan Kulon dan menjadi penghubung jalan Jogonegaran dan Jalan Malioboro. Akan tetapi untuk Sosrowijayan Wetan yang saat ini langsung terkenal sampai ke penjuru dunia dan dikenal sebagai Kampung turis kedua di Yogyakarta setelah Prawirotaman. Karena disebut Kampung bule maka disini pun anda akan melihat banyak sekali turis dari mancanegara yang menikmati suasana malam di Yogyakarta. Anda pun bisa melihat dua buah busuk seperti yang ada di daerah Prawirotaman ketika memasuki dan pertama. Di daerah ini banyak sekali buku yang dijual seperti novel berbahasa Inggris, buku kecil berbahasa Indonesia, dan beberapa buku yang berkualitas dan pastinya akan memberikan pendidikan bagi para pembacanya."
136,Grojogan Watu Purbo Bangunrejo,Yogyakarta,Taman Hiburan,"Objek wisata itu tak adalah Grojogan Watu Purbo yang berada di Bangunrejo, Merdikorejo, Kecamatan Tempel. Objek wisata itu sekitar setahun terakhir cukup populer di kalangan wisatawan karena memiliki pemandangan eksotis berupa air terjun yang memiliki enam tingkatan. Wisatawan yang datang rata-rata menjadikan air terjun itu sebagai latar untuk swafoto karena pemandangannya yang dinilai instagramable. Grojokan Watu Purbo ini tepatnya berlokasi di aliran Kali Krisak, yang merupakan jalur dari lahar dingin yang mengalir dari Gunung Merapi. Pemandangan kawasan ini eksotis karena dikepung pepohonan asri serta hamparan sawah. Munculnya air terjun atau grojogan ini berasal dari enam dam dengan ketinggian bervariasi tak lebih dari 10 meter."
138,Jogja Exotarium,Yogyakarta,Taman Hiburan,"Di Yogyakarta, tepatnya di Sleman, ada satu tempat wisata edukasi yang patut dikunjungi. Namanya adalah Jogja Exotarium — terdengar unik, kan? Namun sebenarnya, tempat ini merupakan taman hewan berskala kecil. Koleksi hewannya beragam dan bisa diajak berinteraksi secara langsung"
139,Puncak Gunung Api Purba - Nglanggeran,Yogyakarta,Cagar Alam,"Gunung Nglanggeran adalah sebuah gunung di Daerah Istimewa Yogyakarta, Indonesia. Gunung ini merupakan suatu gunung api purba yang terbentuk sekitar 0,6-70 juta tahun yang lalu atau yang memiliki umur tersier (Oligo-Miosen). Gunung Nglanggeran memiliki batuan yang sangat khas karena didominasi oleh aglomerat dan breksi gunung api. Gunung ini terletak di Desa Nglanggeran, Kecamatan Patuk, Kabupaten Gunung Kidul yang berada pada deretan Pegunungan Baturagung."
140,Bendung Lepen,Yogyakarta,Taman Hiburan,"Bendung Lepen sendiri dulunya merupakan saluran irigasi yang tidak sebersih sekarang ini. Sebelumnya, tempat ini merupakan saluran irigasi yang kumuh disertai taman desa yang tak terurus. Namun, kesadaran para pemuda akan kebersihan lingkungan mengubah kali (sungai/lepen) yang semula begitu kotor menjadi tempat wisata yang disenangi banyak orang. Bendung Lepen sekarang menjadi indah dan dipenuhi ikan nila dan gurame. Jika dulunya hanya menjadi taman wisata yang tidak terurus dan kumuh, sekarang ini Bendung Lepen menjadi destinasi wisata yang nyaman dikunjungi bersama keluarga. Bahkan di kala pandemi COVID-19 ini, Bendung Lepen tidak kekurangan peminat. Masih banyak anak-anak yang menikmati senja dengan riang sambil memberi makan ikan di kali. Tentunya ditemani oleh orang tuanya yang juga bisa mencuci mata melihat aliran air yang jernih dengan ikan warna-warni yang berenang di kali. Selain itu, banyak juga anak muda yang duduk-duduk di taman sembari menikmati udara sore yang sejuk ditemani segelas es teh."
142,Ledok Sambi,Yogyakarta,Cagar Alam,"Desa wisata Ledok Sambi merupakan desa yang mempunyai nuansa alami asli Jogja, yang berlokasi dekat dengan Gunung Merapi atau berada di Jl. Kaliurang Km. 19,2 Padukuhan Sambi Desa Pakembinangun Kec. Pakem Kabupaten Sleman Daerah Istimewa Yogyakarta. Pemandangan alam yang indah dapat memberikan kesejukan, kesegaran dan ketentraman hati. Sepanjang mata memandang di Desa wisata ini anda akan disuguhkan bentangan luasnya persawahan yang alami dan asri dan juga pepohonan yang hijau nan rindang serta kejernihan air yang dimiliki wilayah Desa Wisata Ledok Sambi. Rumah-rumah Tradisional khas Jogja yang luas dijadikan sebagai tempat bermain sambil menikmati udara sejuk yang menenangkan hati jiwa dan pikiran."
145,Desa Wisata Rumah Domes/Teletubbies,Yogyakarta,Taman Hiburan,"Kawasan desa teletubbies menjadi perhatian menarik berbagai media, sehingga menjadikan para wisatawan mulai berbondong-bondong datang kesana. Hingga sekarang kawasan ini menjadi objek wisata unik jogja yang menarik dikunjungi. Bagi kawan-kawan datawisata yang sedang berlibur atau berdomisili di Yogyakarta dan sekitar, coba deh rasakan sensasi wisata unik ini, setidaknya bisa dijadikan koleksi foto yang mengusung spot-spot kece instagenic. Mulanya objek wisata Rumah Domes merupakan bentuk bantuan dari NGO, kala itu Yogyakarta terkena musibah bencana alam gempa bumi. Di desa Nglepen setidaknya ada 80 bangunan mengusung desain rumah dome lengkap beserta fasilitas seperti warung makan, toilet umum, area parkir, tempat ibadah, rumah kesehatan dan balai desa yang kerap dimanfaatkan ketika ada hajatan atau acara budaya. Desa wisata Sumberharjo ini memiliki luas kurang lebih 2 hektar serta bangunan dibangun sejak tahun 2006. Selain disebut desa teletubbies, pemukiman disana juga sering disebut New Nglepen."
146,Bukit Wisata Pulepayung,Yogyakarta,Cagar Alam,"Pule Payung Yogyakarta. Sebuah objek wisata populer yang menyajikan keindahan alam dari ketinggian 500 mdpl. Bukit Wisata Pule Payung Yogyakarta merupakan kawasan wisata yang dipenuhi dengan kreativitas yang tinggi, merubah zona biasa menjadi luar biasa. Daya tarik yang pertama dari Pule Payung Yogyakarta adalah objek wisata yang menyajikan pesona alam pegunungan. Sehingga, orang-orang menyebutnya dengan Bukit Wisata. Ketinggian Pule Payung Yogyakarta sekitar 500 mdpl, serta jalan menuju Pule Payung Yogyakarta dapat ditempuh dengan kendaraan roda dua, maupun roda empat. Pesona keindahan Waduk Sermo dapat terlihat jelas saat berada di Pule Payung. Waduk eksotis yang dikelilingi pegunungan yang masih asri. Dan Pule Payung Yogyakarta adalah bukit yang notabene sebagai destinasi wisata alam, diberikan sentuhan kreativitas, serta memprioritaskan aspek keamanan di setiap spotnya, akhirnya menjadi wisata favorit di Jogja."
147,Bentara Budaya Yogyakarta (BBY),Yogyakarta,Budaya,"Bentara Budaya Yogyakarta adalah pusat budaya yang terletak di Yogyakarta, Indonesia. Bentara Budaya Yogyakarta dibuka pada 26 September 1982, didanai oleh Kompas Gramedia Group. Bentara Budaya Yogyakarta adalah cabang dari Bentara Budaya Jakarta, sebuah lembaga budaya yang dikelola oleh Kompas Gramedia Group yang juga memiliki beberapa pusat budaya di Jakarta, Surakarta (sebagai Balai Soedjatmoko), dan Bali."
149,Goa Cerme,Yogyakarta,Cagar Alam,"Gua Cerme (bahasa Jawa: ꦒꦸꦮ​ꦕꦺꦂꦩꦺ, translit. Gua Cerme) adalah gua bersejarah dan sekaligus tempat wisata yang terletak di Dusun Srunggo, Desa Selopamioro, Kecamatan Imogiri, Kabupaten Bantul atau sekitar 20 km selatan Kota Yogyakarta. Gua Cerme memiliki panjang 1,5 km yang tembus hingga sendang di wilayah Panggang, yaitu di Dusun Ploso, Desa Giritirto, Kecamatan Purwosari, Kabupaten Gunungkidul.\nDi samping gua Cerme, di sekitarnya terdapat gua lain yang lebih kecil seperti Goa Dalang, Goa Ledek, Goa Badut dan Goa Kaum yang sering digunakan untuk bersemedi. Untuk mencapai gua, terdapat tangga setinggi 759 m. Kata cerme berasal dari kata ceramah yang mengisyaratkan pembicaraan yang dilakukan walisongo. Gua Cerme dulunya digunakan oleh para Walisongo untuk menyebarkan agama Islam di Jawa. Selain itu, Gua Cerme juga digunakan untuk membahas rencana pendirian Masjid Agung Demak. Setiap Senin atau Selasa wage, selalu diadakan upacara syukuran untuk meminta berkah kepada Tuhan."
150,Wisata Kraton Jogja,Yogyakarta,Budaya,"Kraton Jogja adalah sebuah komplek kerajaan yang berada tepat berdiri di tengah kota Yogyakarta. Kraton yang didirikan seiring perjanjian giyanti pada tahun 1755 yang memecah Kerajaan Mataram Islam menjadi Kerajaan Ngayogyakarta Surakarta ini menyimpan keindahan arsitektur jawa yang tidak diragukan lagi, dan merupakan salah komplek istana terbaik di tanah jawa. Keindahan Kraton Jogja ini tidak terlepas dari pendirinya, yaitu Sri Sultan Hamengkubuwono I yang merupakan arsitek dari kerajaannya ini. Apabila anda sedang wisata ke Kraton Jogja maka apabila anda dari Jalan Malioboro pertama anda akan disambut oleh Gapura Pangurakan yang berasitrektur jawa kental yang bersebelahan dengan bangunan-bangunan Hindia Belanda. Setelah memasukinya anda akan memasuki Alun-alun Utara yang memiliki area yang cukup luas. Di sekelilingnya terdapat Joglo-joglo tertutup yang disebut Gedhong dan terbuka yang dinamakan Tratag. Di area ini terdapat beberapa pilihan kuliner yang sangat pas anda kunjungi sebelum anda memasuki kompleks Kraton Yogyakarta, sehingga anda tidak merasa kelaparan."
151,Desa Wisata Kelor,Yogyakarta,Taman Hiburan,"Desa wisata Kelor merupakan salah satu desa yang ada di kabupaten Sleman yang saat ini sedang dikembangkan menjadi desa wisata. Desa wisata Kelor ini menawarkan suasana pedesaan yang penduduknya bermata pencaharian sebagai petani, peternak, dan budidaya jamur. Banyak tanaman hijau yang membentang luas dengan pemandangan alam yang asri. Desa wisata Kelor ini memiliki masyarakat yang ramah dan memiliki lingkungan desa yang sangat nyaman. Desa Kelor ini juga memiliki sungai, dan air di sungai tersebut masih jernih dan indah."
152,Pantai Patihan,Yogyakarta,Bahari,"Pantai ini terletak di daerah Srigading, Sanden dan cukup dekat dengan Pantai Goa Cemara. Tempatnya juga asyik banget buat foto-foto, nggak beda jauh dengan Pandasari."
154,Pantai Ngrawe (Mesra),Yogyakarta,Bahari,"Kabupaten Gunungkidul jadi salah satu wilayah di Yogyakarta dengan koleksi pantai terbanyak. Tak terhitung jumlah pantai yang ada di sepanjang pesisir selatannya. Ada yang tetap alami, ada juga yang sengaja mendapat sentuhan agar lebih apik. Salah satunya adalah Pantai Ngrawe yang terletak di Kemadang, Gunungkidul. Sebagai pantai wisata, pantai yang juga terkenal dengan Pantai Mesra ini populer berkat kekuatan media sosial. Sementara pantai lainnya menawarkan keindahan alami, Pantai Ngrawe justru menyajikan konsep “taman” yang tidak biasa. Tertarik untuk mencoba berwisata di taman pinggir pantai? Pantai ini bisa jadi pilihan yang tepat!"
156,Pantai Pulang Sawal,Yogyakarta,Bahari,"Pantai Pulang Sawal yang ada di Kecamatan Tepus bisa dicoba. Wisatawan lebih akrab dengan nama Indrayanti untuk merujuk pantai ini. Tidak hanya pengunjung lokal, wisatawan mancanegara pun terpikat dengan pesonanya."
160,Pasar Kebon Empring Bintaran,Yogyakarta,Pusat Perbelanjaan,"Pasar Kebon Empring merupakan salah satu objek wisata di Kecamatan Piyungan yang menawarkan kuliner tradisional seperti sego atau nasi wader, jangan lombok, sego lele, sego welut, sego wiwit, tengkleng, sego mentel, geblek hingga dawet batok dan seruni. Harga yang ditawarkan relatif murah, mulai dari Rp3.000 sampai Rp17.000. Pasar Kebon Pring mulai dibuka untuk kunjungan wisatawan pada 17 Mei 2018. Dinamakan Pasar Kebon Empring karena hampir sekeliling objek wisata tersebut adalah pohon bambu atau empring dalam bahasa jawa. Lokasi tersebut mulai menjadi objek wisata awalnya karena banyak orang yang berswafoto di jembatan Kali Gawe dalam lokasi pasar Kebon Empring. Setelah jembatan Kali Gawe diresmikan pada Februari 2018, empat bulan kemudian warga setempat memanfaatkannya dan mengembangkan menjadi lokasi wisata dengan menambah sarana dan prasarana penunjang wisata seperti taman, destinasi swafoto, bale di atas Kali Gawe."
161,"Bukit Paralayang, Watugupit",Yogyakarta,Cagar Alam,"Bukit Paralayang Parangtritis merupakan tempat wisata di Yogyakarta, tempat ini mensajikan pemandangan pantai parangtritis dari atas bukit dengan ketinggian 900 mdpl dan pemandangan matahari terbenam. selain itu di bukit paralayang parangtritis terdapat olahraga ekstrem paralayang, bagi wisatawan yang tertarik,terdapat ahli yang mendampingi. Awalnya bukit ini hanya perbukitan biasa. Kemudian pada tahun 1991 dibuat landasan beton pertama yang digunakan untuk olahraga paralayang. Kemudian dilanjutkan pembangunan fasilitas pendopo, tangga, dan area parkir pada tahun 1998"
162,Kampung Wisata Dipowinatan,Yogyakarta,Budaya,"Kampung Wisata Dipowinatan adalah sebuah kampung yang dikembangkan oleh Dinas Pariwisata Yogyakarta untuk tujuan pariwisata. Kampung tersebut merupakan salah satu dari 17 yang saat ini sedang dikembangkan oleh Pemerintah Kota Yogyakarta. Pepatnya, Kampung Dipowinatan terdapat di Kelurahan Keparakan, Kecamatan Mergangsan, Kota Yogyakarta. Keunggulan utama yang ditonjolkan oleh kampung itu adalah adanya konsep live in atau rekreasi yang berpadu dengan masyarakat sekitar sekaligus membaur dengan unsur budaya dan lokalitas masyarakat yang ada. Di dalam kampung tersebut, pengunjung akan disuguhi beberapa fasilitas unik seperti berkunjung ke rumah-rumah keluarga Jawa dengan mengenakan pakaian adat Jawa dan ditambah dengan adanya hiburan kesenian sekaligus sajian kuliner khas Jawa."
163,Watu Mabur Mangunan,Yogyakarta,Cagar Alam,"Kawasan Tebing Watu Mabur ini terbilang belum lama dikenal oleh masyarakat. Hal ini memang terjadi karena dahulu potensi wisata di kawasan Mangunan belum dikembangkan sedemikian rupa. Dahulu Kawasan Tebing Watu Mabur merupakan kawasan yang digunakan untuk perkemahan. Area perkemahannya sendiri cukup luas yang bisa menampung puluhan tenda besar. Sampai sekarang kawasan perkemahannya masih ada, namun jarang digunakan untuk aktivitas perkemahan, karena di Yogyakarta begitu banyak spot untuk berkemah. Mengunjungi Tebing Watu Mabur tidak lengkap jika tidak mencoba beberapa spot fotonya yang sekarang sangat hits. Spot foto yang paling terkenal ialah jalan raya / landasan pacu yang ujungnya tepat menghadap jurang. Sehingga ketika anda foto di tempat ini seperti sedang berada di jalan yang tidak berujung."
165,Green Village Gedangsari,Yogyakarta,Taman Hiburan,"Wisata Green Village Gedangsari Gunungkidul merupakan wisata alam cukup menakjubkan, pesona alam berupa hamparan pepohonan hijau rindang serta udara sejuk, bahkan sekarang telah hadir loh wahana flying fox terpanjang se Asia Tenggara. Berada di dataran tinggi, pengunjung dapat menyaksikan panorama kota Jogja, Klaten hingga kota Solo. Beberapa kegiatan liburan menyenangkan dapat dilakukan ketika liburan di Green Village Gunungkidul. Sepanjang jalan setapak berawal dari gerbang masuk hingga lokasi puncak, tak perlu heran kalau banyak pengunjung berswafoto di sepanjang jalan. Hal tersebut mengingat pesona alam masih asri, sehingga sangat cocok dijadikan background berswafoto bareng keluarga, teman atau pun bareng pasangan. Tentu saja banyak pengunjung membawa tongkat selfie bahkan ada juga menggunakan pesawat drone demi merekam momen keseruan dan keindahan alam Gunungkidul melalui jepretan kamera."
166,Kebun Teh Nglinggo,Yogyakarta,Cagar Alam,"Wisata Kebun Teh Nglinggo adalah satu-satunya kebun teh yang berada di Yogyakarta. Sebenarnya kebun teh ini merupakan tempat mata pencaharian penduduk di sekitar Pagerhajo. Kemudian warga mempunyai ide untuk menjadikannya sebagai tempat wisata. Dengan pesona alamnya Kebun Teh Nglinggo menjadi objek wisata yang cukup terkenal di Kulon Progo. Kebun Teh Nglinggo terletak di wilayah Perbukitan Menoreh. Lokasinya di Desa Wisata Nglinggo, Nglinggo Barat, Pagerharjo, Samigaluh, Kabupaten Kulon Progo, DIY. Wisata ini menawarkan objek wisata berupa hamparan perkebunan teh dengan luas sekitar 136 hektare di ketinggian 900-1000 mdpl . Di sana pengunjung dapat melihat para pemetik daun teh dan dapat pula ikut memanen daun teh. Jika kurang puas pengunjung juga dapat naik hingga Puncak Kendeng Gunung Kukusan, dan akan dimanjakan dengan pemandangan alam yang memikat mata juga udara sejuk pegunungan yang masih alami . Dari puncak tersebut pengunjung akan disajikan dengan pemandangan delapan gunung besar yang ada di Jogja dan Jawa Tengah . Pengunjung juga bisa menjelajahi Kebun Teh Nglinggo dengan jeep ataupun motor trail. Meskipun buka dari pukul 06.00-18.00 WIB, tetapi Kebun Teh Nglinggo dapat dijadikan objek wisata untuk berburu sunrise. Karena pengunjung dapat bermalam di home stay sekitar. Untuk harga tiket masuk objek wisata Kebun Teh Nglinggo sebesar Rp 5000 per orang."
167,Geoforest Watu Payung Turunan,Yogyakarta,Cagar Alam,"Bagi para pemburu keindahan matahari terbit yang tinggal atau berdomisili di Yogyakarta dan sekitarnya, Geoforest Watu Payung Turunan merupakan tujuan yang tepat. Keindahan matahari terbit, panorama alam, dan keunikan ornamen merupakan perpaduan sempurna yang tersaji di Geoforest Watu Payung Turunan. Tak hanya untuk memotret, obyek wisata ini juga pas untuk sekadar bersantai menikmati indahnya pagi."
170,Candi Borobudur,Yogyakarta,Budaya,"Borobudur (bahasa Jawa: ꦕꦤ꧀ꦝꦶ​ꦧꦫꦧꦸꦝꦸꦂ, translit. Candhi Barabudhur) adalah sebuah candi Buddha yang terletak di Borobudur, Magelang, Jawa Tengah, Indonesia. Candi ini terletak kurang lebih 100 km di sebelah barat daya Semarang, 86 km di sebelah barat Surakarta, dan 40 km di sebelah barat laut Yogyakarta. Candi berbentuk stupa ini didirikan oleh para penganut agama Buddha Mahayana sekitar tahun 800-an Masehi pada masa pemerintahan wangsa Syailendra. Borobudur adalah candi atau kuil Buddha terbesar di dunia, sekaligus salah satu monumen Buddha terbesar di dunia.\nMonumen ini terdiri atas enam teras berbentuk bujur sangkar yang di atasnya terdapat tiga pelataran melingkar, pada dindingnya dihiasi dengan 2.672 panel relief dan aslinya terdapat 504 arca Buddha. Borobudur memiliki koleksi relief Buddha terlengkap dan terbanyak di dunia. Stupa utama terbesar teletak di tengah sekaligus memahkotai bangunan ini, dikelilingi oleh tiga barisan melingkar 72 stupa berlubang yang di dalamnya terdapat arca Buddha tengah duduk bersila dalam posisi teratai sempurna dengan mudra (sikap tangan) Dharmachakra mudra (memutar roda dharma).\nMonumen ini merupakan model alam semesta dan dibangun sebagai tempat suci untuk memuliakan Buddha sekaligus berfungsi sebagai tempat ziarah untuk menuntun umat manusia beralih dari alam nafsu duniawi menuju pencerahan dan kebijaksanaan sesuai ajaran Buddha. Para peziarah masuk melalui sisi timur dan memulai ritual di dasar candi dengan berjalan melingkari bangunan suci ini searah jarum jam, sambil terus naik ke undakan berikutnya melalui tiga tingkatan ranah dalam kosmologi Buddha. Ketiga tingkatan itu adalah Kāmadhātu (ranah hawa nafsu), Rupadhatu (ranah berwujud), dan Arupadhatu (ranah tak berwujud). Dalam perjalanannya para peziarah berjalan melalui serangkaian lorong dan tangga dengan menyaksikan tak kurang dari 1.460 panel relief indah yang terukir pada dinding dan pagar langkan.\nMenurut bukti-bukti sejarah, Borobudur ditinggalkan pada abad ke-14 seiring melemahnya pengaruh kerajaan Hindu dan Buddha di Jawa serta mulai masuknya pengaruh Islam. Dunia mulai menyadari keberadaan bangunan ini sejak ditemukan 1814 oleh Sir Thomas Stamford Raffles, yang saat itu menjabat sebagai Gubernur Jenderal Inggris atas Jawa. Sejak saat itu Borobudur telah mengalami serangkaian upaya penyelamatan dan pemugaran (perbaikan kembali). Proyek pemugaran terbesar digelar pada kurun waktu 1975 hingga 1982 atas upaya Pemerintah Republik Indonesia dan UNESCO, kemudian situs bersejarah ini masuk dalam daftar Situs Warisan Dunia.Borobudur kini masih digunakan sebagai tempat ziarah keagamaan; tiap tahun umat Buddha yang datang dari seluruh Indonesia dan mancanegara berkumpul di Borobudur untuk memperingati Trisuci Waisak. Dalam dunia pariwisata, Borobudur adalah objek wisata tunggal di Indonesia yang paling banyak dikunjungi wisatawan."
174,Pasar Beringharjo,Yogyakarta,Pusat Perbelanjaan,"Pasar Beringharjo (bahasa Jawa: ꦥꦱꦂꦧꦼꦫꦶꦁꦲꦂꦗ, translit. Pasar Beringharjo) adalah pasar tertua dengan nilai historis dan filosofis yang tidak dapat dipisahkan dengan Keraton Yogyakarta. Beringharjo memiliki makna harafiah hutan pohon beringin yang diharapkan memberikan kesejahteraan bagi warga Yogyakarta. Pasar Beringharjo terletak di Jalan Jenderal Ahmad Yani nomor 16, Yogyakarta. Ada banyak jenis barang yang dapat dibeli di Pasar Beringharjo, mulai dari batik, jajanan pasar, uang kuno, pakaian anak dan dewasa, makanan cepat saji, bahan dasar jamu tradisional, sembako hingga barang antik."
175,Museum Ullen Sentalu,Yogyakarta,Budaya,"Museum Ullen Sentalu, (bahasa Jawa: ꦩꦸꦱꦶꦪꦸꦩ꧀​ꦈꦭ꧀ꦭꦺꦤ꧀​ꦱꦼꦤ꧀ꦠꦭꦸ, translit. Musiyum Ullèn Sentalu) terletak di Kecamatan Pakem (Kaliurang), Kabupaten Sleman, Daerah Istimewa Yogyakarta, adalah museum yang menampilkan budaya dan kehidupan para bangsawan Dinasti Mataram (Kasunanan Surakarta, Kesultanan Yogyakarta, Praja Mangkunegaran, dan Kadipaten Pakualaman) beserta koleksi bermacam-macam batik (baik gaya Yogyakarta maupun Surakarta).\nMuseum ini juga menampilkan tokoh raja-raja beserta permaisurinya dengan berbagai macam pakaian yang dikenakan, baik untuk acara formal maupun untuk keseharian. \nNama Ullen Sentalu merupakan akronim dari bahasa Jawa: “ULating bLENcong SEjatiNe TAtaraning LUmaku” yang artinya adalah “Nyala lampu blencong sebagai petunjuk bagi umat manusia dalam melangkah dan meniti kehidupan”. Falsafah ini diambil dari sebuah lampu minyak yang dipergunakan dalam pertunjukkan wayang kulit (blencong) yang merupakan cahaya yang selalu bergerak untuk mengarahkan dan menerangi perjalanan hidup kita. Museum ini didirikan oleh salah seorang bangsawan Yogyakarta yang dikenal sangat dekat dengan keluarga keraton Surakarta dan Yogyakarta.\nDi Museum Ullen Sentalu, dapat diketahui bagaimana para leluhur Jawa membuat batik yang memiliki arti dan makna yang mendalam di dalam setiap coraknya. Ada juga berbagai sejarah mengenai keadaan budaya Jawa dari masa Mataram Kuno hingga Mataram Islam dengan segala aturannya. Keadaan museum yang dibangun dengan baik mampu membuat pengunjung seperti terserap ke masa Jawa kuno yang mengagumkan."
176,Museum Gunung Merapi,Yogyakarta,Budaya,"Museum Gunung Merapi (bahasa Jawa: ꧋ꦩꦸꦱꦶꦪꦸꦩ꧀​ ꦒꦸꦤꦸꦁ​ ꦩꦼꦫꦥꦶ꧉, translit. Musiyum Gunung Merapi) merupakan museum bersejarah yang terdapat di Yogyakarta tepatnya di Jln. Boyong, Dusun Banteng, Desa Hargobinangun, Kecamatan Pakem, Kabupaten Sleman, Daerah Istimewa Yogyakarta sekitar lima kilometer dari kawasan objek wisata Kaliurang. Museum Gunung Merapi telah diresmikan pada tanggal 1 Oktober 2009 oleh Menteri Energi dan Sumber Daya Mineral (ESDM), Purnomo Yusgiantoro.\nDengan luas bangunan sekitar 4,470 yang berdiri di atas tanah seluas 3,5 hektare, museum yang ke depan juga akan dilengkapi dengan taman, area parkir, dan plasa ini ingin dikenal masyarakat sebagai Museum Gunungapi Merapi dengan semboyan Merapi Jendela Bumi .\nMuseum Gunung Merapi ini dapat dijadikan sebagai sarana pendidikan, penyebarluasan informasi aspek kegunungapian khususnya dan kebencanaan geologi lainnya yang bersifat rekreatif-edukatif untuk masyarakat luas dengan tujuan untuk memberikan wawasan dan pemahaman tentang aspek ilmiah, maupun sosial-budaya dan lain-lain yang berkaitan dengan gunungapi dan sumber kebencanaan geologi lainnya. Museum Gunungapi ini diharapkan dapat menjadi solusi alternatif sebagai sarana yang sangat penting dan potensial sebagai pusat layanan informasi kegunungapian dalam upaya mencerdaskan kehidupan masyarakat, serta sebagai media dalam meningkatkan kesadaran dan kewaspadaan masyarakat tentang manfaat dan ancaman bahaya letusan gunungapi serta bencana geologi lainnya ."
179,Candi Ratu Boko,Yogyakarta,Budaya,"Situs Ratu Baka atau Candi Boko (Hanacaraka:ꦕꦤ꧀ꦝꦶ​ꦫꦠꦸ​ꦧꦏ, bahasa Jawa: Candhi Ratu Baka) adalah situs purbakala yang merupakan kompleks sejumlah sisa bangunan yang berada kira-kira 3 km di sebelah selatan dari kompleks Candi Prambanan, 18 km sebelah timur Kota Yogyakarta atau 50 km barat daya Kota Surakarta, Jawa Tengah, Indonesia. Situs Ratu Boko terletak di sebuah bukit pada ketinggian 196 meter dari permukaan laut. Luas keseluruhan kompleks adalah sekitar 25 ha."
180,Pantai Depok Jogja,Yogyakarta,Bahari,"Pantai Depok (bahasa Jawa: ꦥꦱꦶꦱꦶꦂ ꦝꦺꦥꦺꦴꦏ꧀, translit. Pasisir Dhépok) merupakan objek wisata pantai yang terletak di Kecamatan Kretek, Kabupaten Bantul, Daerah Istimewa Yogyakarta, sekitar tiga puluh kilometer di sebelah selatan Kota Yogyakarta. Pantai ini terkenal akan pasar ikannya yang ikannya merupakan hasil tangkapan nelayan Pantai Depok."
181,Pantai Sundak,Yogyakarta,Bahari,"Pantai Sundak merupakan salah satu pantai indah yang berada di Gunung Kidul tepatnya di dekat Pantai Indrayanti. Pantai ini berpasir putih dan memilii air yang masih bersih, bening, dan menyegarkan. Tetapi ombak di Pantai Sundak ini sangat besar, jadi jika anda ingin bermain air di Pantai Sundak diharapkan untuk berhati-hati. Selain bermain air anda juga bisa berjalan-jalan di tepi pantai sambil menikmati keindahan pantai ini. Jika anda berjalan di tepi pantai sampai sejauh 40 meter anda akan menemukan batu-batu karang kecil berjajar dan batu-batu karang tersebut adalah tempat persembunyian hewan-hewan laut yang kecil, tetapi harus tetap berhati-hati karena batu karang tersebut begitu tajam."
182,Hutan Mangrove Kulon Progo,Yogyakarta,Bahari,"Di sini ada kawasan wisata Hutan Mangrove Kulon Progo yang menyajikan keindahan alamnya. hutan Mangrove  ini memberikan pesona tersendiri selain pantai Glagah yang sudah menjadi primadona di Kulon Progo ini. Letak lokasi hutan mangrove  Kulon Progo ini sejatinya sudah masuk ke kawasan Pasir Mendit Kecamatan Temon Kulon Progo."
183,Jogja Bay Pirates Adventure Waterpark,Yogyakarta,Taman Hiburan,"Jogja Bay Waterpark atau Jogja Bay (bahasa Jawa: ꦠꦼꦭꦸꦏ꧀ꦔꦪꦺꦴꦒꦾ 'Teluk Ngayogya') adalah salah satu taman wisata air atau waterpark terbesar di Asia Tenggara yang berlokasi di Yogyakarta, Indonesia. Taman wisata air ini dibuka secara resmi pada 20 Desember 2015."
186,Pantai Glagah,Yogyakarta,Bahari,Pantai Glagah Indah adalah salah satu pantai yang menjadi objek wisata di provinsi Daerah Istimewa Yogyakarta. Pantai Glagah Indah merupakan salah satu pantai di Yogyakarta dengan hamparan pasir yang berwarna hitam dan banyak mengandung pasir besi. Pantai Glagah Indah memiliki akses yang baik
189,Pantai Nguluran,Yogyakarta,Bahari,"Di pantai Nguluran anda hanya bisa melihat hamparan laut luas serta spot foto. Semua fasilitas itu adanya di atas tebing. Sekitar belasan meter dari permukaan air pantai. Spot favorit di resort pantai ini adalah teras kaca. Teras kaca ini dapat dijadikan spot selfie dengan latar belakang pantai. Pengunjung akan mendapatkan foto yang sangat bagus dan indah untuk dipajang di IG, FB, atau media sosial lain. Apalagi jika foto diambil saat sunset. Saat berfoto di teras kaca, pengunjung akan merasakan sensasi yang menegangkan. Sensasi tegang ini timbul akibat teras kaca yang tepat berdiri di atas pinggir laut. Sensasi yang timbul seperti berjalan di atas seutas tali pada ketingian belasan meter di atas air laut. Namun tidak perlu kuatir, pihak pengelola menjamin keselematan para pengunjung, sepanjang tidak melanggar peraturan yang sudah di buat pihak pengelola."
190,Pantai Samas,Yogyakarta,Bahari,"Pantai Samas (bahasa Jawa: ꦥꦱꦶꦱꦶꦂ​ꦱꦩꦱ꧀, translit. Pasisir Samas) merupakan salah satu pantai yang berada di deretan pantai sebelah timur Pantai Parangtritis. Lokasi Pantai Samas kurang lebih 14 km arah selatan Kota Bantul atau sekitar 35 km dari pusat Kota Yogyakarta, tepatnya di Desa Srigading, Kecamatan Sanden, Kabupaten Bantul, Daerah Istimewa Yogyakarta."
198,Pantai Greweng,Yogyakarta,Bahari,"Di Kabupaten Gunungkidul, tidak sulit memilih pantai yang masih sepi dan indah. Pantai Greweng yang berada di Kecamatan Girisubo adalah satu di antaranya. Tidak hanya cantik, pantai ini juga dikenal sebagai destinasi untuk berkemah. Namun, siapkan energi lebih untuk mencapai lokasinya yang terpencil."
199,Pantai Sedahan,Yogyakarta,Bahari,"Pantai Sedahan ini memiliki garis pantai yang cukup panjang dan cukup luas untuk dijadikan sebagai arena bermain. Pada kedua sisi pantai, terdapat tebing karang yang mengapit pantai ini dan menjorok ke tengah laut. Pantai Sedahan mempunyai deburan ombak yang khas laut selatan dan hamparan pasir putih dengan butiran butiran yang halus. Air Biru kehijauan yang bening, segar, dan berkilauan teritampa cahaya matahari akan menghipnotis siapa pun untuk bermain air dan menceburkan diri di pantai tersebut. Tetapi pengunjung harus tetap berhati hati karena pantai selatan selalu berarus dan berombak kuat, maka para pengunjung tidak disarankan untuk berenang terlalu jauh dari daratan. Pantai Sedahan ini juga dikenal oleh banyak orang sebagai lokasi memancing yang menyenangkan. Banyak pengunjung yang rela dan menyempatkan datang jauh jauh hanya untuk memancing ikan di Pantai Sedahan ini."
200,Pantai Watu Kodok,Yogyakarta,Bahari,"Pantai Watu Kodok merupakan salah satu pantai yang ada di Gunung Kidul. Pantai Watu Kodok ini memiliki pasir putih dan air laut yang masih berwarna biru yang sangat indah. Di pantai ini terdapat beberapa batu karang yang terjal, batu tersebut menjadi daya tarik para wisatawan dan keunikan bagi pantai itu sendiri. Dan suasana pantai yang masih alami juga menjadikan pantai ini menjadi daya tariknya, tetapi pantai ini masih tergolong pantai baru jadi masih belum banyak wisatawan. Pantai Watu Kodok ini sangat cocok bagi Anda yang ingin menghabiskan waktu liburan bersama keluarga."
201,Pantai Kesirat,Yogyakarta,Bahari,"Pada umumnya pantai identik dengan pasirnya bukan, namun pantai kesirat memiliki keunikan tersendiri yang akan anda temukan disini. Pantai kesirat tidak memiliki pasir namun anda akan menemukan tebing tebing yang memeiliki struktur yang cantik kemudian anda kana menikmati pantai di atasnya, tempat ini juga sangat cocok untuk menikmati sunset. Keindahan pantai ini membuat semua orang tidak bisa melupakannya seperti janji mantan hehee.. pantai kesirat memiliki spot spot foto yang instagramable banget cocok sekali untuk kamu yang suka berfoto. Keunikan lain yang menjadi ciri khas dari wisata Pantai Kesirat adalah hadirnya sebuah pohon yang tampak berdiri kokoh yang menjadi ikon dari tempat wisata ini. Banyak wisatawan yang memanfaatkan pohon ini sebagai latar belakang foto mereka."
203,Galaxy Waterpark Jogja,Yogyakarta,Taman Hiburan,"Galaxy Waterpark adalah taman rekreasi air yang berdiri di atas lahan seluas 2,5 hektar ini sangat cukup untuk menampung pengunjung di waktu liburan. Dengan lokasi yang sangat luas banyak wahana dan fasilitas yang bisa kamu nikmati. Di tempat ini juga tersedia beberapa kolam, dari kolam anak sampai kolam dewasa. Selain itu fasilitas yang disediakan pengelolapun juga terbilang lengkap untuk mendukung kenyamananmu saat berlibur."
204,Desa Wisata Pulesari,Yogyakarta,Taman Hiburan,"Desa Wisata Pulesari semakin menambah deretan profil desa wisata di Jogja yang lahir dari kesadaran masyarakat, atas potensi lokal yang dimiliki. Baik itu dari sisi ragam budaya, pesona alam sekitar, kazanah kuliner, maupun nilai sejarah, dan budaya yang ada. Semuanya dikemas dalam sebuah keseruan wisata. Lokasi Desa Wisata Pulesari berada di Kabupaten Sleman, Daerah Istimewa Yogyakarta (DIY), yang notabene sebagai kabupaten yang dianugerahi banyak sekali tempat wisata. Kehadiran Desa Wisata Pulesari seakan menjadi penambal dari puzle wisata yang belum lengkap. Dan inilah review Desa Wisata Pulosari sebagai referensi awal untuk menentukan lokasi liburan nanti."
205,Desa Wisata Tembi,Yogyakarta,Taman Hiburan,"Desa Wisata Tembi, merupakan satu dari sekian desa wisata yang sukses menata kawasannya, sehingga menjadi sebuah kawasan yang layak untuk dikunjungi. Potensi alam, sejarah, serta potensi budaya yang dimiliki Desa Wisata Tembi memang sangat pas untuk dijadikan sebuah desa wisata. Apalagi jarak Desa Wisata Tembi tidak jauh dari pusat kota Jogja. Ternyata, pesona keindahan Desa Wisata Tembi tidak hanya terbatas pada dua hal tersebut saja. Dan inilah info lengkap Desa Wisata Tembi, sebagai referensi awal menentukan lokasi wisata saat liburan nanti. Lokasi Desa Wisata Tembi terletak satu arah menuju Parangtritis. Alamat Desa Wisata Tembi berada di Desa Tembi, Kecamatan Sewon, Kabupaten Bantul, Daerah Istimewa Yogyakarta."
206,Wisata Kaliurang,Yogyakarta,Cagar Alam,"Jogja selalu menarik untuk dikulik, terlebih tempat wisatanya. Berbagai wisata tersedia di Jogja, mulai dari wisata buatan hingga wisata alam. Seperti halnya Taman Wisata Kaliurang, yang memadukan unsur alam dengan taman rekreasi. Taman rekreasi ini berada di kawasan lereng Gunung Merapi. Bukan hal aneh jika objek wisata ini sangat sejuk. Menghabiskan waktu untuk berlibur di sini merupakan pilihan yang tepat."
208,Taman Sungai Mudal,Yogyakarta,Cagar Alam,"Taman Sungai Mudal, sebuah objek wisata alam terbuka yang terletak di Kabupaten Kulon Progo, yang menawarkan pesona sebuah kolam pemandian yang bersumber dari mata air alami. Mata airnya bersumber dari sebuah goa, sehingga kehadiran Taman Sungai Mudal menjadi mengesampingkan kesan angker dari sebuah goa. Apalagi ditambah dengan dukungan fasilitas yang membuat para wisatawan merasa nyaman saat berada di sana. Taman Sungai Mudal menjadi salah-satu wisata Kulon Progo yang selalu menjadi destinasi utama saat liburan tiba. Salah-satu alasan utamanya dikarenakan Taman Sungai Mudal mampu menjadi destinasi wisata keluarga yang menyenangkan."
209,Pantai Sanglen,Yogyakarta,Bahari,"Pantai Sanglen. Lokasinya berada di Desa Kemadang, Gunung Kidul. Pantai indah yang satu ini memang terdengar asing di telinga, namun ternyata pantai ini menyimpan keindahan yang sangat menenangkan. Keadaan ombaknya diam-diam menghanyutkan membuat kita harus berhati-hati jika ingin bermain air ketika sedang pasang, namun ketika surut kamu dapat bemain ombak di sekitar pantainya. Tak jauh dari area pantai terdapat sebuah bukit dengan hiasan pepohonan yang masih rindang serta berwarna hijau alam, kamu dapat naik ke atas bukit melalui tangga yang sudah disediakan."
210,Pantai Congot,Yogyakarta,Bahari,"Selain Pantai Glagah dan Pantai Trisik, ternyata masih ada satu lagi pantai yang berada di Kulon Progo. Yakni Pantai Congot, pantai yang satu ini terkenal sebagai surganya memancing ikan. Maka tak heran jika Pantai Congot banyak dikunjungi oleh mereka para mancing mania, selain itu masyarakat sekitar Pantai Congot menggantungkan hidupnya sebagai nelayan. Pantai Congot memang tak sepopuler pantai lain yang ada di Kulon Progo, mulai banyak dikunjungi wisatawan ketika dibukanya Hutan Mangrove Pasir Mendit. Karena memang lokasinya yang tak terlalu jauh dari Pantai Congot, yakni berada di sebelah barat pantai. Pantai Congot merupakan muara dari Sungai Bogowonto. Ini pulalah yang menyebabkan Pantai Congot menjadi spot favorite para pemancing, karena terdapat banyak jenis ikan yang ada mulai dari ikan air tawar, ikan air payau hingga ikan air asin."
